id,empreendimento,apartamento,bairro,torre,andar,area,quartos,vagas,suite,varanda_m2,cobertura,vista,orientacao,posicao,padrao_score,lazer_score,localizacao_score,fase_obra,meses_lancamento,desconto_pct,preco_m2,origem
"1","NOVO-01","0101","Centro-Sul","T1","1","128","4","2","2","8.9","0","rua","S","frente","5","5","5","pronto","11","2.4","29727","hibrida_calibrada"
"2","NOVO-01","0102","Centro-Sul","T1","1","145","4","2","2","9.6","0","rua","O","frente","5","5","5","pronto","5","1.5","30295","hibrida_calibrada"
"3","NOVO-01","0201","Centro-Sul","T1","2","143","4","2","2","9.7","0","rua","O","frente","5","5","5","pronto","11","5.6","28452","hibrida_calibrada"
"4","NOVO-01","0202","Centro-Sul","T1","2","143","4","2","2","9.4","0","rua","N","frente","5","5","5","pronto","17","3.9","26250","hibrida_calibrada"
"5","NOVO-01","0301","Centro-Sul","T1","3","129","4","2","2","15.2","0","parque","N","frente","5","5","5","pronto","24","3.3","42220","hibrida_calibrada"
"6","NOVO-01","0302","Centro-Sul","T1","3","123","3","2","2","13.7","0","rua","L","frente","5","5","5","pronto","17","3.2","31177","hibrida_calibrada"
"7","NOVO-01","0401","Centro-Sul","T1","4","128","4","2","2","12.6","0","parque","L","frente","5","5","5","pronto","6","5","30267","hibrida_calibrada"
"8","NOVO-01","0402","Centro-Sul","T1","4","108","3","2","2","10.1","0","rua","S","frente","5","5","5","pronto","4","5.6","37075","hibrida_calibrada"
"9","NOVO-01","0501","Centro-Sul","T1","5","130","4","2","2","8.4","0","parque","S","frente","5","5","5","pronto","7","3.9","45023","hibrida_calibrada"
"10","NOVO-01","0502","Centro-Sul","T1","5","133","4","2","2","9.9","0","rua","O","frente","5","5","5","pronto","18","1.6","31172","hibrida_calibrada"
"11","NOVO-01","0601","Centro-Sul","T1","6","145","4","2","2","10","0","rua","O","frente","5","5","5","pronto","6","3.7","26760","hibrida_calibrada"
"12","NOVO-01","0602","Centro-Sul","T1","6","144","4","2","2","9.9","0","parque","N","frente","5","5","5","pronto","15","2.2","34644","hibrida_calibrada"
"13","NOVO-01","0701","Centro-Sul","T1","7","156","4","3","2","15.1","0","parque","N","frente","5","5","5","pronto","7","5.7","41228","hibrida_calibrada"
"14","NOVO-01","0702","Centro-Sul","T1","7","130","4","2","2","13.4","0","rua","L","frente","5","5","5","pronto","9","2.4","37676","hibrida_calibrada"
"15","NOVO-01","0801","Centro-Sul","T1","8","109","3","2","2","9.4","0","parque","L","frente","5","5","5","pronto","25","6.4","36735","hibrida_calibrada"
"16","NOVO-01","0802","Centro-Sul","T1","8","158","4","3","2","12.9","0","rua","S","frente","5","5","5","pronto","13","4.5","32960","hibrida_calibrada"
"17","NOVO-01","0901","Centro-Sul","T1","9","134","4","2","2","13.6","0","parque","S","frente","5","5","5","pronto","3","2.5","40812","hibrida_calibrada"
"18","NOVO-01","0902","Centro-Sul","T1","9","123","3","2","2","9.7","0","rua","O","frente","5","5","5","pronto","9","2.4","31860","hibrida_calibrada"
"19","NOVO-01","1001","Centro-Sul","T1","10","120","3","2","2","6.8","0","parque","O","frente","5","5","5","pronto","19","3.6","46281","hibrida_calibrada"
"20","NOVO-01","1002","Centro-Sul","T1","10","168","4","3","2","17.5","0","rua","N","frente","5","5","5","pronto","18","4.2","33634","hibrida_calibrada"
"21","NOVO-01","1101","Centro-Sul","T1","11","121","3","2","2","18","0","rua","N","frente","5","5","5","pronto","22","4.7","38834","hibrida_calibrada"
"22","NOVO-01","1102","Centro-Sul","T1","11","102","3","1","1","14.8","0","parque","L","frente","5","5","5","pronto","16","3","36021","hibrida_calibrada"
"23","NOVO-01","1201","Centro-Sul","T1","12","130","4","2","2","11","0","rua","L","frente","5","5","5","pronto","22","6.2","38083","hibrida_calibrada"
"24","NOVO-01","1202","Centro-Sul","T1","12","127","4","2","2","13.3","0","rua","S","frente","5","5","5","pronto","14","6.7","31477","hibrida_calibrada"
"25","NOVO-01","1301","Centro-Sul","T1","13","148","4","2","2","11","0","rua","S","frente","5","5","5","pronto","9","5.6","35842","hibrida_calibrada"
"26","NOVO-01","1302","Centro-Sul","T1","13","51","1","1","0","5.6","0","rua","O","frente","5","5","5","pronto","27","7.6","41954","hibrida_calibrada"
"27","NOVO-01","1401","Centro-Sul","T1","14","180","4","3","2","15.3","0","parque","O","frente","5","5","5","pronto","19","3.4","39247","hibrida_calibrada"
"28","NOVO-01","1402","Centro-Sul","T1","14","40","1","0","0","3.8","0","parque","N","frente","5","5","5","pronto","17","1.6","58170","hibrida_calibrada"
"29","NOVO-01","1501","Centro-Sul","T1","15","60","2","1","0","5.3","0","parque","N","frente","5","5","5","pronto","9","6.1","37112","hibrida_calibrada"
"30","NOVO-01","1502","Centro-Sul","T1","15","105","3","2","2","5.3","0","parque","L","frente","5","5","5","pronto","9","4","43189","hibrida_calibrada"
"31","NOVO-01","1601","Centro-Sul","T1","16","138","4","2","2","14.4","0","parque","L","frente","5","5","5","pronto","19","5.2","51666","hibrida_calibrada"
"32","NOVO-01","1602","Centro-Sul","T1","16","127","4","2","2","6.9","0","parque","S","frente","5","5","5","pronto","18","3.8","41943","hibrida_calibrada"
"33","NOVO-01","1701","Centro-Sul","T1","17","121","3","2","2","10.5","0","rua","S","frente","5","5","5","pronto","18","3.3","41560","hibrida_calibrada"
"34","NOVO-01","1702","Centro-Sul","T1","17","130","4","2","2","13.1","0","rua","O","frente","5","5","5","pronto","20","7","35285","hibrida_calibrada"
"35","NOVO-01","1801","Centro-Sul","T1","18","63","2","1","0","7.4","0","parque","O","frente","5","5","5","pronto","22","6.6","41899","hibrida_calibrada"
"36","NOVO-01","1802","Centro-Sul","T1","18","137","4","2","2","14.7","0","rua","N","frente","5","5","5","pronto","13","4.7","42933","hibrida_calibrada"
"37","NOVO-01","1901","Centro-Sul","T1","19","56","2","1","0","6.1","0","parque","N","frente","5","5","5","pronto","15","6","43009","hibrida_calibrada"
"38","NOVO-01","1902","Centro-Sul","T1","19","134","4","2","2","17.3","0","parque","L","frente","5","5","5","pronto","1","6.5","35029","hibrida_calibrada"
"39","NOVO-01","2001","Centro-Sul","T1","20","133","4","2","2","15.4","0","parque","L","frente","5","5","5","pronto","2","5.2","36448","hibrida_calibrada"
"40","NOVO-01","2002","Centro-Sul","T1","20","126","4","2","2","15","0","parque","S","frente","5","5","5","pronto","26","4.6","44792","hibrida_calibrada"
"41","NOVO-01","2101","Centro-Sul","T1","21","147","4","2","2","10.1","0","rua","S","frente","5","5","5","pronto","15","4.1","37726","hibrida_calibrada"
"42","NOVO-01","2102","Centro-Sul","T1","21","109","3","2","2","8.9","0","rua","O","frente","5","5","5","pronto","19","4.5","40143","hibrida_calibrada"
"43","NOVO-01","2201","Centro-Sul","T1","22","44","1","1","0","7.3","1","parque","O","frente","5","5","5","pronto","28","6.2","53935","hibrida_calibrada"
"44","NOVO-01","2202","Centro-Sul","T1","22","163","4","3","2","16.3","0","parque","N","frente","5","5","5","pronto","8","4.2","58993","hibrida_calibrada"
"45","NOVO-02","0101","Centro-Sul","T2","1","143","4","2","2","10.6","0","rua","O","frente","5","4","5","acabamento","6","2.3","29273","hibrida_calibrada"
"46","NOVO-02","0102","Centro-Sul","T2","1","124","3","2","2","9","0","rua","N","frente","5","4","5","acabamento","15","3.8","34815","hibrida_calibrada"
"47","NOVO-02","0201","Centro-Sul","T2","2","128","4","2","2","13.1","0","parque","N","frente","5","4","5","acabamento","3","1.9","35714","hibrida_calibrada"
"48","NOVO-02","0202","Centro-Sul","T2","2","142","4","2","2","15.5","0","parque","L","frente","5","4","5","acabamento","16","2.8","33919","hibrida_calibrada"
"49","NOVO-02","0301","Centro-Sul","T2","3","139","4","2","2","17.4","0","parque","L","frente","5","4","5","acabamento","12","2.2","38385","hibrida_calibrada"
"50","NOVO-02","0302","Centro-Sul","T2","3","130","4","2","2","9.8","0","parque","S","frente","5","4","5","acabamento","23","4.8","37707","hibrida_calibrada"
"51","NOVO-02","0401","Centro-Sul","T2","4","56","2","1","0","3.1","0","parque","S","frente","5","4","5","acabamento","11","4.8","40754","hibrida_calibrada"
"52","NOVO-02","0402","Centro-Sul","T2","4","124","3","2","2","13.3","0","rua","O","frente","5","4","5","acabamento","23","8.1","36983","hibrida_calibrada"
"53","NOVO-02","0501","Centro-Sul","T2","5","164","4","3","2","13.4","0","rua","O","frente","5","4","5","acabamento","8","2","29057","hibrida_calibrada"
"54","NOVO-02","0502","Centro-Sul","T2","5","161","4","3","2","15.2","0","rua","N","frente","5","4","5","acabamento","10","4.3","29866","hibrida_calibrada"
"55","NOVO-02","0601","Centro-Sul","T2","6","136","4","2","2","12.5","0","parque","N","frente","5","4","5","acabamento","18","6.6","30116","hibrida_calibrada"
"56","NOVO-02","0602","Centro-Sul","T2","6","121","3","2","2","7.9","0","parque","L","frente","5","4","5","acabamento","22","3.3","34382","hibrida_calibrada"
"57","NOVO-02","0701","Centro-Sul","T2","7","129","4","2","2","11.5","0","rua","L","frente","5","4","5","acabamento","22","4.5","35598","hibrida_calibrada"
"58","NOVO-02","0702","Centro-Sul","T2","7","45","1","1","0","7.5","0","parque","S","frente","5","4","5","acabamento","8","3.6","39440","hibrida_calibrada"
"59","NOVO-02","0801","Centro-Sul","T2","8","151","4","2","2","11.5","0","rua","S","frente","5","4","5","acabamento","1","4.9","41535","hibrida_calibrada"
"60","NOVO-02","0802","Centro-Sul","T2","8","49","1","0","0","4","0","parque","O","frente","5","4","5","acabamento","1","2.5","34904","hibrida_calibrada"
"61","NOVO-02","0901","Centro-Sul","T2","9","130","4","2","2","13.5","0","parque","O","frente","5","4","5","acabamento","19","4.3","41683","hibrida_calibrada"
"62","NOVO-02","0902","Centro-Sul","T2","9","115","3","2","2","11","0","parque","N","frente","5","4","5","acabamento","14","7","38906","hibrida_calibrada"
"63","NOVO-02","1001","Centro-Sul","T2","10","57","2","1","0","6.5","0","rua","N","frente","5","4","5","acabamento","6","6.4","40813","hibrida_calibrada"
"64","NOVO-02","1002","Centro-Sul","T2","10","118","3","2","2","13.7","0","parque","L","frente","5","4","5","acabamento","13","3.9","36888","hibrida_calibrada"
"65","NOVO-02","1101","Centro-Sul","T2","11","60","2","1","0","7.4","0","parque","L","frente","5","4","5","acabamento","2","1.8","42998","hibrida_calibrada"
"66","NOVO-02","1102","Centro-Sul","T2","11","53","1","0","0","3.8","0","rua","S","frente","5","4","5","acabamento","2","6.2","34313","hibrida_calibrada"
"67","NOVO-02","1201","Centro-Sul","T2","12","61","2","1","0","11.3","0","parque","S","frente","5","4","5","acabamento","26","3.9","31703","hibrida_calibrada"
"68","NOVO-02","1202","Centro-Sul","T2","12","122","3","2","2","10.8","0","parque","O","frente","5","4","5","acabamento","19","4","29601","hibrida_calibrada"
"69","NOVO-02","1301","Centro-Sul","T2","13","144","4","2","2","10.7","0","rua","O","frente","5","4","5","acabamento","25","3.5","32905","hibrida_calibrada"
"70","NOVO-02","1302","Centro-Sul","T2","13","120","3","2","2","9.9","0","rua","N","frente","5","4","5","acabamento","9","1.7","39944","hibrida_calibrada"
"71","NOVO-02","1401","Centro-Sul","T2","14","51","1","0","0","6.3","0","rua","N","frente","5","4","5","acabamento","12","6.5","41037","hibrida_calibrada"
"72","NOVO-02","1402","Centro-Sul","T2","14","68","2","1","1","1.2","0","rua","L","frente","5","4","5","acabamento","29","5.2","30378","hibrida_calibrada"
"73","NOVO-02","1501","Centro-Sul","T2","15","146","4","2","2","17.2","0","rua","L","frente","5","4","5","acabamento","25","3.8","33706","hibrida_calibrada"
"74","NOVO-02","1502","Centro-Sul","T2","15","35","1","1","0","2.3","0","parque","S","frente","5","4","5","acabamento","4","5.1","41410","hibrida_calibrada"
"75","NOVO-02","1601","Centro-Sul","T2","16","62","2","1","0","10.1","0","rua","S","frente","5","4","5","acabamento","7","4.9","37764","hibrida_calibrada"
"76","NOVO-02","1602","Centro-Sul","T2","16","126","4","2","2","9.8","0","parque","O","frente","5","4","5","acabamento","29","6.1","41113","hibrida_calibrada"
"77","NOVO-02","1701","Centro-Sul","T2","17","143","4","2","2","11.4","0","rua","O","frente","5","4","5","acabamento","25","4.5","36800","hibrida_calibrada"
"78","NOVO-02","1702","Centro-Sul","T2","17","164","4","3","2","16.6","0","rua","N","frente","5","4","5","acabamento","4","5.9","33874","hibrida_calibrada"
"79","NOVO-02","1801","Centro-Sul","T2","18","70","2","1","1","4.7","1","rua","N","frente","5","4","5","acabamento","13","2.2","40521","hibrida_calibrada"
"80","NOVO-02","1802","Centro-Sul","T2","18","126","4","2","2","9.9","0","parque","L","frente","5","4","5","acabamento","2","7","41809","hibrida_calibrada"
"81","NOVO-03","0101","Pampulha","T1","1","65","2","1","0","6.2","0","rua","N","frente","4","5","4","construcao","19","4.3","21981","hibrida_calibrada"
"82","NOVO-03","0102","Pampulha","T1","1","130","4","2","2","13.8","0","rua","L","frente","4","5","4","construcao","10","3.2","19113","hibrida_calibrada"
"83","NOVO-03","0103","Pampulha","T1","1","105","3","2","2","8.9","0","rua","S","lateral","4","5","4","construcao","18","3.3","21070","hibrida_calibrada"
"84","NOVO-03","0104","Pampulha","T1","1","41","1","1","0","5","0","rua","O","fundos","4","5","4","construcao","7","5.4","16394","hibrida_calibrada"
"85","NOVO-03","0201","Pampulha","T1","2","59","2","1","0","3.6","0","rua","L","frente","4","5","4","construcao","27","3.4","22442","hibrida_calibrada"
"86","NOVO-03","0202","Pampulha","T1","2","117","3","2","2","10.7","0","rua","S","frente","4","5","4","construcao","29","7.1","19705","hibrida_calibrada"
"87","NOVO-03","0203","Pampulha","T1","2","117","3","2","2","8.5","0","rua","O","lateral","4","5","4","construcao","28","6.9","24068","hibrida_calibrada"
"88","NOVO-03","0204","Pampulha","T1","2","98","3","1","1","12.6","0","rua","N","fundos","4","5","4","construcao","24","6.4","21753","hibrida_calibrada"
"89","NOVO-03","0301","Pampulha","T1","3","63","2","1","0","0","0","rua","S","frente","4","5","4","construcao","30","3.7","22917","hibrida_calibrada"
"90","NOVO-03","0302","Pampulha","T1","3","46","1","0","0","3.1","0","mar","O","frente","4","5","4","construcao","3","3.7","24488","hibrida_calibrada"
"91","NOVO-03","0303","Pampulha","T1","3","118","3","2","2","10.2","0","mar","N","lateral","4","5","4","construcao","22","2.8","23270","hibrida_calibrada"
"92","NOVO-03","0304","Pampulha","T1","3","126","4","2","2","11.7","0","parque","L","fundos","4","5","4","construcao","15","1.8","22877","hibrida_calibrada"
"93","NOVO-03","0401","Pampulha","T1","4","135","4","2","2","12.9","0","rua","O","frente","4","5","4","construcao","25","4.1","23891","hibrida_calibrada"
"94","NOVO-03","0402","Pampulha","T1","4","89","3","1","1","0","0","mar","N","frente","4","5","4","construcao","16","5","26025","hibrida_calibrada"
"95","NOVO-03","0403","Pampulha","T1","4","66","2","1","0","7.5","0","rua","L","lateral","4","5","4","construcao","15","4","24931","hibrida_calibrada"
"96","NOVO-03","0404","Pampulha","T1","4","122","3","2","2","14.5","0","rua","S","fundos","4","5","4","construcao","14","5.3","22999","hibrida_calibrada"
"97","NOVO-03","0501","Pampulha","T1","5","50","1","0","0","9.7","0","rua","N","frente","4","5","4","construcao","21","3.7","24432","hibrida_calibrada"
"98","NOVO-03","0502","Pampulha","T1","5","118","3","2","2","9.1","0","mar","L","frente","4","5","4","construcao","29","2.9","25364","hibrida_calibrada"
"99","NOVO-03","0503","Pampulha","T1","5","138","4","2","2","13","0","rua","S","lateral","4","5","4","construcao","27","7.9","25611","hibrida_calibrada"
"100","NOVO-03","0504","Pampulha","T1","5","132","4","2","2","11.9","0","parque","O","fundos","4","5","4","construcao","12","6.8","22252","hibrida_calibrada"
"101","NOVO-03","0601","Pampulha","T1","6","45","1","1","0","3.3","0","mar","L","frente","4","5","4","construcao","12","6.9","23937","hibrida_calibrada"
"102","NOVO-03","0602","Pampulha","T1","6","136","4","2","2","12.5","0","rua","S","frente","4","5","4","construcao","28","2.7","27296","hibrida_calibrada"
"103","NOVO-03","0603","Pampulha","T1","6","97","3","1","1","9.7","0","parque","O","lateral","4","5","4","construcao","7","1.6","23706","hibrida_calibrada"
"104","NOVO-03","0604","Pampulha","T1","6","52","1","1","0","2.8","0","rua","N","fundos","4","5","4","construcao","27","3.2","18573","hibrida_calibrada"
"105","NOVO-03","0701","Pampulha","T1","7","72","2","1","1","5.8","0","rua","S","frente","4","5","4","construcao","0","2.1","16627","hibrida_calibrada"
"106","NOVO-03","0702","Pampulha","T1","7","115","3","2","2","8.4","0","rua","O","frente","4","5","4","construcao","5","3.5","18416","hibrida_calibrada"
"107","NOVO-03","0703","Pampulha","T1","7","46","1","0","0","4.1","0","parque","N","lateral","4","5","4","construcao","11","4","23190","hibrida_calibrada"
"108","NOVO-03","0704","Pampulha","T1","7","44","1","1","0","0.7","0","rua","L","fundos","4","5","4","construcao","13","1.9","22858","hibrida_calibrada"
"109","NOVO-03","0801","Pampulha","T1","8","128","4","2","2","11","0","mar","O","frente","4","5","4","construcao","6","3.7","21174","hibrida_calibrada"
"110","NOVO-03","0802","Pampulha","T1","8","129","4","2","2","6.2","0","rua","N","frente","4","5","4","construcao","8","4.5","22988","hibrida_calibrada"
"111","NOVO-03","0803","Pampulha","T1","8","35","1","0","0","0","0","rua","L","lateral","4","5","4","construcao","30","6.6","29995","hibrida_calibrada"
"112","NOVO-03","0804","Pampulha","T1","8","112","3","2","2","17.7","0","rua","S","fundos","4","5","4","construcao","11","4.8","19559","hibrida_calibrada"
"113","NOVO-03","0901","Pampulha","T1","9","65","2","1","0","6.2","0","mar","N","frente","4","5","4","construcao","1","5.5","19733","hibrida_calibrada"
"114","NOVO-03","0902","Pampulha","T1","9","102","3","1","1","3.8","0","rua","L","frente","4","5","4","construcao","1","3.1","17308","hibrida_calibrada"
"115","NOVO-03","0903","Pampulha","T1","9","40","1","0","0","9.4","0","rua","S","lateral","4","5","4","construcao","15","2.1","19205","hibrida_calibrada"
"116","NOVO-03","0904","Pampulha","T1","9","57","2","1","0","2.1","0","rua","O","fundos","4","5","4","construcao","16","3.9","20286","hibrida_calibrada"
"117","NOVO-03","1001","Pampulha","T1","10","63","2","1","0","7.2","0","rua","L","frente","4","5","4","construcao","8","3.7","20598","hibrida_calibrada"
"118","NOVO-03","1002","Pampulha","T1","10","54","1","1","0","3.1","0","parque","S","frente","4","5","4","construcao","16","4.3","20757","hibrida_calibrada"
"119","NOVO-03","1003","Pampulha","T1","10","48","1","0","0","0","0","parque","O","lateral","4","5","4","construcao","1","2.3","20974","hibrida_calibrada"
"120","NOVO-03","1004","Pampulha","T1","10","103","3","1","1","10.3","0","parque","N","fundos","4","5","4","construcao","24","2.9","24235","hibrida_calibrada"
"121","NOVO-03","1101","Pampulha","T1","11","68","2","1","1","5.6","0","parque","S","frente","4","5","4","construcao","25","4.5","22461","hibrida_calibrada"
"122","NOVO-03","1102","Pampulha","T1","11","138","4","2","2","9.5","0","parque","O","frente","4","5","4","construcao","12","5.8","21754","hibrida_calibrada"
"123","NOVO-03","1103","Pampulha","T1","11","44","1","0","0","4.2","0","parque","N","lateral","4","5","4","construcao","13","1.9","24981","hibrida_calibrada"
"124","NOVO-03","1104","Pampulha","T1","11","47","1","1","0","5.9","0","mar","L","fundos","4","5","4","construcao","8","1.6","22614","hibrida_calibrada"
"125","NOVO-03","1201","Pampulha","T1","12","94","3","1","1","6.6","0","parque","O","frente","4","5","4","construcao","24","6.6","22465","hibrida_calibrada"
"126","NOVO-03","1202","Pampulha","T1","12","45","1","1","0","3.4","0","rua","N","frente","4","5","4","construcao","6","7","18641","hibrida_calibrada"
"127","NOVO-03","1203","Pampulha","T1","12","108","3","2","2","8.8","0","mar","L","lateral","4","5","4","construcao","8","6.6","26521","hibrida_calibrada"
"128","NOVO-03","1204","Pampulha","T1","12","112","3","2","2","13.8","0","rua","S","fundos","4","5","4","construcao","20","5.8","28263","hibrida_calibrada"
"129","NOVO-03","1301","Pampulha","T1","13","44","1","1","0","1.3","0","parque","N","frente","4","5","4","construcao","11","3","29668","hibrida_calibrada"
"130","NOVO-03","1302","Pampulha","T1","13","105","3","2","2","5.6","0","parque","L","frente","4","5","4","construcao","12","6.4","22104","hibrida_calibrada"
"131","NOVO-03","1303","Pampulha","T1","13","35","1","1","0","0.6","0","parque","S","lateral","4","5","4","construcao","27","8.1","34858","hibrida_calibrada"
"132","NOVO-03","1304","Pampulha","T1","13","128","4","2","2","12.7","0","rua","O","fundos","4","5","4","construcao","24","7.4","23372","hibrida_calibrada"
"133","NOVO-03","1401","Pampulha","T1","14","130","4","2","2","9.7","0","mar","L","frente","4","5","4","construcao","2","7","22507","hibrida_calibrada"
"134","NOVO-03","1402","Pampulha","T1","14","75","2","1","1","5.9","0","rua","S","frente","4","5","4","construcao","2","4.5","22216","hibrida_calibrada"
"135","NOVO-03","1403","Pampulha","T1","14","46","1","1","0","1.6","0","rua","O","lateral","4","5","4","construcao","1","5.2","23205","hibrida_calibrada"
"136","NOVO-03","1404","Pampulha","T1","14","111","3","2","2","10.8","0","mar","N","fundos","4","5","4","construcao","22","4.5","26402","hibrida_calibrada"
"137","NOVO-03","1501","Pampulha","T1","15","118","3","2","2","14.3","0","mar","S","frente","4","5","4","construcao","8","5.3","26748","hibrida_calibrada"
"138","NOVO-03","1502","Pampulha","T1","15","68","2","1","1","2.6","0","mar","O","frente","4","5","4","construcao","5","6.3","23272","hibrida_calibrada"
"139","NOVO-03","1503","Pampulha","T1","15","91","3","1","1","7.1","0","parque","N","lateral","4","5","4","construcao","9","2.7","24685","hibrida_calibrada"
"140","NOVO-03","1504","Pampulha","T1","15","44","1","1","0","1.6","0","mar","L","fundos","4","5","4","construcao","2","2.6","24858","hibrida_calibrada"
"141","NOVO-03","1601","Pampulha","T1","16","139","4","2","2","13.2","1","rua","O","frente","4","5","4","construcao","7","6.6","25757","hibrida_calibrada"
"142","NOVO-03","1602","Pampulha","T1","16","38","1","0","0","0","1","rua","N","frente","4","5","4","construcao","6","1.9","24320","hibrida_calibrada"
"143","NOVO-03","1603","Pampulha","T1","16","133","4","2","2","10.4","0","rua","L","lateral","4","5","4","construcao","19","1.9","22724","hibrida_calibrada"
"144","NOVO-03","1604","Pampulha","T1","16","113","3","2","2","9.8","0","rua","S","fundos","4","5","4","construcao","14","2.7","24210","hibrida_calibrada"
"145","NOVO-04","0101","Pampulha","T2","1","100","3","1","1","8","0","rua","L","frente","3","4","4","pronto","17","2.1","14850","hibrida_calibrada"
"146","NOVO-04","0102","Pampulha","T2","1","117","3","2","2","11.4","0","rua","S","frente","3","4","4","pronto","21","7.8","13449","hibrida_calibrada"
"147","NOVO-04","0103","Pampulha","T2","1","90","3","1","1","6.6","0","rua","O","lateral","3","4","4","pronto","22","7.7","14403","hibrida_calibrada"
"148","NOVO-04","0104","Pampulha","T2","1","87","3","1","1","3.9","0","rua","N","fundos","3","4","4","pronto","8","4.8","15637","hibrida_calibrada"
"149","NOVO-04","0201","Pampulha","T2","2","108","3","2","2","9.6","0","rua","S","frente","3","4","4","pronto","14","5.6","12685","hibrida_calibrada"
"150","NOVO-04","0202","Pampulha","T2","2","126","4","2","2","12","0","rua","O","frente","3","4","4","pronto","5","6.6","15013","hibrida_calibrada"
"151","NOVO-04","0203","Pampulha","T2","2","77","2","1","1","2.8","0","rua","N","lateral","3","4","4","pronto","2","1.9","13863","hibrida_calibrada"
"152","NOVO-04","0204","Pampulha","T2","2","104","3","1","1","10.5","0","rua","L","fundos","3","4","4","pronto","23","8.1","12894","hibrida_calibrada"
"153","NOVO-04","0301","Pampulha","T2","3","94","3","1","1","11.4","0","mar","O","frente","3","4","4","pronto","23","2.8","19320","hibrida_calibrada"
"154","NOVO-04","0302","Pampulha","T2","3","100","3","1","1","9.4","0","parque","N","frente","3","4","4","pronto","14","3","14572","hibrida_calibrada"
"155","NOVO-04","0303","Pampulha","T2","3","113","3","2","2","8.8","0","mar","L","lateral","3","4","4","pronto","6","1.8","17355","hibrida_calibrada"
"156","NOVO-04","0304","Pampulha","T2","3","111","3","2","2","16.5","0","rua","S","fundos","3","4","4","pronto","13","3.2","17726","hibrida_calibrada"
"157","NOVO-04","0401","Pampulha","T2","4","106","3","2","2","9.8","0","rua","N","frente","3","4","4","pronto","6","6","17054","hibrida_calibrada"
"158","NOVO-04","0402","Pampulha","T2","4","89","3","1","1","4.5","0","rua","L","frente","3","4","4","pronto","5","2.3","14887","hibrida_calibrada"
"159","NOVO-04","0403","Pampulha","T2","4","89","3","1","1","5.8","0","rua","S","lateral","3","4","4","pronto","15","6.6","13469","hibrida_calibrada"
"160","NOVO-04","0404","Pampulha","T2","4","141","4","2","2","18.7","0","rua","O","fundos","3","4","4","pronto","10","2.3","13038","hibrida_calibrada"
"161","NOVO-04","0501","Pampulha","T2","5","99","3","1","1","11.1","0","rua","L","frente","3","4","4","pronto","7","5","14602","hibrida_calibrada"
"162","NOVO-04","0502","Pampulha","T2","5","105","3","2","2","5.9","0","rua","S","frente","3","4","4","pronto","18","6.3","19352","hibrida_calibrada"
"163","NOVO-04","0503","Pampulha","T2","5","95","3","1","1","9.1","0","rua","O","lateral","3","4","4","pronto","17","6.4","12276","hibrida_calibrada"
"164","NOVO-04","0504","Pampulha","T2","5","118","3","2","2","10.2","0","rua","N","fundos","3","4","4","pronto","7","6.8","16648","hibrida_calibrada"
"165","NOVO-04","0601","Pampulha","T2","6","116","3","2","2","12.2","0","parque","S","frente","3","4","4","pronto","2","3.8","14026","hibrida_calibrada"
"166","NOVO-04","0602","Pampulha","T2","6","93","3","1","1","3.7","0","rua","O","frente","3","4","4","pronto","4","3.4","14616","hibrida_calibrada"
"167","NOVO-04","0603","Pampulha","T2","6","80","2","1","1","0.7","0","parque","N","lateral","3","4","4","pronto","15","1.7","15968","hibrida_calibrada"
"168","NOVO-04","0604","Pampulha","T2","6","134","4","2","2","11.2","0","rua","L","fundos","3","4","4","pronto","21","5.3","18058","hibrida_calibrada"
"169","NOVO-04","0701","Pampulha","T2","7","107","3","2","2","8.4","0","parque","O","frente","3","4","4","pronto","6","3.5","15835","hibrida_calibrada"
"170","NOVO-04","0702","Pampulha","T2","7","86","3","1","1","7.4","0","rua","N","frente","3","4","4","pronto","17","5.5","18105","hibrida_calibrada"
"171","NOVO-04","0703","Pampulha","T2","7","103","3","1","1","10.7","0","rua","L","lateral","3","4","4","pronto","20","2.3","14398","hibrida_calibrada"
"172","NOVO-04","0704","Pampulha","T2","7","97","3","1","1","10","0","rua","S","fundos","3","4","4","pronto","12","1.9","17205","hibrida_calibrada"
"173","NOVO-04","0801","Pampulha","T2","8","123","3","2","2","10.1","0","rua","N","frente","3","4","4","pronto","6","5.7","15143","hibrida_calibrada"
"174","NOVO-04","0802","Pampulha","T2","8","86","3","1","1","12.7","0","mar","L","frente","3","4","4","pronto","21","2.9","21624","hibrida_calibrada"
"175","NOVO-04","0803","Pampulha","T2","8","77","2","1","1","9.6","0","rua","S","lateral","3","4","4","pronto","10","4.5","13357","hibrida_calibrada"
"176","NOVO-04","0804","Pampulha","T2","8","102","3","1","1","7.8","0","mar","O","fundos","3","4","4","pronto","25","5.9","20808","hibrida_calibrada"
"177","NOVO-04","0901","Pampulha","T2","9","124","3","2","2","11.3","0","parque","L","frente","3","4","4","pronto","30","7.6","18264","hibrida_calibrada"
"178","NOVO-04","0902","Pampulha","T2","9","107","3","2","2","11.9","0","rua","S","frente","3","4","4","pronto","16","5.7","18698","hibrida_calibrada"
"179","NOVO-04","0903","Pampulha","T2","9","87","3","1","1","0","0","rua","O","lateral","3","4","4","pronto","14","5.9","15065","hibrida_calibrada"
"180","NOVO-04","0904","Pampulha","T2","9","93","3","1","1","4.6","0","parque","N","fundos","3","4","4","pronto","9","1.8","19447","hibrida_calibrada"
"181","NOVO-04","1001","Pampulha","T2","10","97","3","1","1","5.6","0","mar","S","frente","3","4","4","pronto","15","5.6","19144","hibrida_calibrada"
"182","NOVO-04","1002","Pampulha","T2","10","83","3","1","1","5.3","0","mar","O","frente","3","4","4","pronto","2","1.9","15361","hibrida_calibrada"
"183","NOVO-04","1003","Pampulha","T2","10","98","3","1","1","9.6","0","rua","N","lateral","3","4","4","pronto","8","4.7","15947","hibrida_calibrada"
"184","NOVO-04","1004","Pampulha","T2","10","93","3","1","1","2.7","0","parque","L","fundos","3","4","4","pronto","11","4.7","16564","hibrida_calibrada"
"185","NOVO-04","1101","Pampulha","T2","11","114","3","2","2","11.9","0","rua","O","frente","3","4","4","pronto","17","1.9","15895","hibrida_calibrada"
"186","NOVO-04","1102","Pampulha","T2","11","132","4","2","2","5.7","0","parque","N","frente","3","4","4","pronto","17","4","19466","hibrida_calibrada"
"187","NOVO-04","1103","Pampulha","T2","11","86","3","1","1","11.8","0","parque","L","lateral","3","4","4","pronto","13","5.6","18133","hibrida_calibrada"
"188","NOVO-04","1104","Pampulha","T2","11","98","3","1","1","11.3","0","mar","S","fundos","3","4","4","pronto","23","6.2","18535","hibrida_calibrada"
"189","NOVO-04","1201","Pampulha","T2","12","138","4","2","2","11","0","rua","N","frente","3","4","4","pronto","23","2.9","17928","hibrida_calibrada"
"190","NOVO-04","1202","Pampulha","T2","12","105","3","2","2","10.9","0","rua","L","frente","3","4","4","pronto","12","4.2","17372","hibrida_calibrada"
"191","NOVO-04","1203","Pampulha","T2","12","133","4","2","2","15.5","0","rua","S","lateral","3","4","4","pronto","25","3.1","15555","hibrida_calibrada"
"192","NOVO-04","1204","Pampulha","T2","12","95","3","1","1","8.6","0","parque","O","fundos","3","4","4","pronto","27","8","16168","hibrida_calibrada"
"193","NOVO-04","1301","Pampulha","T2","13","103","3","1","1","6.9","0","parque","L","frente","3","4","4","pronto","6","2.8","16904","hibrida_calibrada"
"194","NOVO-04","1302","Pampulha","T2","13","83","3","1","1","6.4","0","parque","S","frente","3","4","4","pronto","17","4.8","16410","hibrida_calibrada"
"195","NOVO-04","1303","Pampulha","T2","13","87","3","1","1","9","0","parque","O","lateral","3","4","4","pronto","15","6.9","16889","hibrida_calibrada"
"196","NOVO-04","1304","Pampulha","T2","13","118","3","2","2","6.6","0","parque","N","fundos","3","4","4","pronto","2","4.8","14566","hibrida_calibrada"
"197","NOVO-04","1401","Pampulha","T2","14","102","3","1","1","7.6","1","mar","S","frente","3","4","4","pronto","6","6.7","17275","hibrida_calibrada"
"198","NOVO-04","1402","Pampulha","T2","14","119","3","2","2","15.3","1","mar","O","frente","3","4","4","pronto","13","2.1","21639","hibrida_calibrada"
"199","NOVO-04","1403","Pampulha","T2","14","130","4","2","2","10.8","0","parque","N","lateral","3","4","4","pronto","3","3.1","15684","hibrida_calibrada"
"200","NOVO-04","1404","Pampulha","T2","14","110","3","2","2","11","0","mar","L","fundos","3","4","4","pronto","18","3.6","21496","hibrida_calibrada"
"201","NOVO-05","0101","Oeste","T1","1","118","3","2","2","7.6","0","rua","S","frente","4","4","4","lancamento","21","4.3","17296","hibrida_calibrada"
"202","NOVO-05","0102","Oeste","T1","1","129","4","2","2","9.4","0","rua","O","frente","4","4","4","lancamento","6","5.1","18793","hibrida_calibrada"
"203","NOVO-05","0103","Oeste","T1","1","100","3","1","1","10.9","0","rua","N","lateral","4","4","4","lancamento","9","3","18719","hibrida_calibrada"
"204","NOVO-05","0104","Oeste","T1","1","44","1","0","0","2.8","0","rua","L","fundos","4","4","4","lancamento","24","7.8","22293","hibrida_calibrada"
"205","NOVO-05","0201","Oeste","T1","2","112","3","2","2","8.8","0","rua","O","frente","4","4","4","lancamento","26","7.2","25242","hibrida_calibrada"
"206","NOVO-05","0202","Oeste","T1","2","35","1","1","0","0","0","rua","N","frente","4","4","4","lancamento","23","7.6","24178","hibrida_calibrada"
"207","NOVO-05","0203","Oeste","T1","2","40","1","1","0","0.5","0","parque","L","lateral","4","4","4","lancamento","28","3.1","30896","hibrida_calibrada"
"208","NOVO-05","0204","Oeste","T1","2","123","3","2","2","10.9","0","parque","S","fundos","4","4","4","lancamento","8","3","22419","hibrida_calibrada"
"209","NOVO-05","0301","Oeste","T1","3","119","3","2","2","10.1","0","rua","N","frente","4","4","4","lancamento","22","4.2","18537","hibrida_calibrada"
"210","NOVO-05","0302","Oeste","T1","3","120","3","2","2","10.5","0","rua","L","frente","4","4","4","lancamento","30","5","19716","hibrida_calibrada"
"211","NOVO-05","0303","Oeste","T1","3","54","1","1","0","6.7","0","rua","S","lateral","4","4","4","lancamento","6","2.4","18057","hibrida_calibrada"
"212","NOVO-05","0304","Oeste","T1","3","115","3","2","2","7.7","0","rua","O","fundos","4","4","4","lancamento","30","4.7","19246","hibrida_calibrada"
"213","NOVO-05","0401","Oeste","T1","4","122","3","2","2","11.3","0","rua","L","frente","4","4","4","lancamento","9","6.1","18552","hibrida_calibrada"
"214","NOVO-05","0402","Oeste","T1","4","47","1","1","0","0","0","parque","S","frente","4","4","4","lancamento","27","4","21719","hibrida_calibrada"
"215","NOVO-05","0403","Oeste","T1","4","134","4","2","2","12.3","0","rua","O","lateral","4","4","4","lancamento","15","2.9","18552","hibrida_calibrada"
"216","NOVO-05","0404","Oeste","T1","4","97","3","1","1","11.4","0","parque","N","fundos","4","4","4","lancamento","18","5","20889","hibrida_calibrada"
"217","NOVO-05","0501","Oeste","T1","5","48","1","0","0","4.6","0","parque","S","frente","4","4","4","lancamento","14","4","24296","hibrida_calibrada"
"218","NOVO-05","0502","Oeste","T1","5","108","3","2","2","9","0","rua","O","frente","4","4","4","lancamento","21","4.4","22185","hibrida_calibrada"
"219","NOVO-05","0503","Oeste","T1","5","111","3","2","2","12.1","0","parque","N","lateral","4","4","4","lancamento","28","3.5","26910","hibrida_calibrada"
"220","NOVO-05","0504","Oeste","T1","5","47","1","1","0","7.5","0","rua","L","fundos","4","4","4","lancamento","21","4.3","18945","hibrida_calibrada"
"221","NOVO-05","0601","Oeste","T1","6","63","2","1","0","11.3","0","rua","O","frente","4","4","4","lancamento","28","7.3","20216","hibrida_calibrada"
"222","NOVO-05","0602","Oeste","T1","6","121","3","2","2","7.3","0","rua","N","frente","4","4","4","lancamento","21","7.9","20740","hibrida_calibrada"
"223","NOVO-05","0603","Oeste","T1","6","115","3","2","2","8.5","0","parque","L","lateral","4","4","4","lancamento","19","5.7","23331","hibrida_calibrada"
"224","NOVO-05","0604","Oeste","T1","6","112","3","2","2","8.5","0","rua","S","fundos","4","4","4","lancamento","24","2.9","20118","hibrida_calibrada"
"225","NOVO-05","0701","Oeste","T1","7","108","3","2","2","9.3","0","rua","N","frente","4","4","4","lancamento","24","7.3","19204","hibrida_calibrada"
"226","NOVO-05","0702","Oeste","T1","7","108","3","2","2","8.3","0","parque","L","frente","4","4","4","lancamento","19","2.6","19956","hibrida_calibrada"
"227","NOVO-05","0703","Oeste","T1","7","51","1","1","0","8.6","0","rua","S","lateral","4","4","4","lancamento","5","4.9","19712","hibrida_calibrada"
"228","NOVO-05","0704","Oeste","T1","7","88","3","1","1","3.4","0","parque","O","fundos","4","4","4","lancamento","15","6.3","20378","hibrida_calibrada"
"229","NOVO-05","0801","Oeste","T1","8","130","4","2","2","8.7","0","rua","L","frente","4","4","4","lancamento","24","7.7","21148","hibrida_calibrada"
"230","NOVO-05","0802","Oeste","T1","8","81","2","1","1","6.7","0","parque","S","frente","4","4","4","lancamento","7","3.4","22470","hibrida_calibrada"
"231","NOVO-05","0803","Oeste","T1","8","91","3","1","1","8.9","0","rua","O","lateral","4","4","4","lancamento","27","4.5","24731","hibrida_calibrada"
"232","NOVO-05","0804","Oeste","T1","8","123","3","2","2","15.6","0","rua","N","fundos","4","4","4","lancamento","0","6","22018","hibrida_calibrada"
"233","NOVO-05","0901","Oeste","T1","9","97","3","1","1","6.4","0","rua","S","frente","4","4","4","lancamento","7","4.5","21163","hibrida_calibrada"
"234","NOVO-05","0902","Oeste","T1","9","95","3","1","1","9.6","0","rua","O","frente","4","4","4","lancamento","3","3.9","19036","hibrida_calibrada"
"235","NOVO-05","0903","Oeste","T1","9","118","3","2","2","16.2","0","rua","N","lateral","4","4","4","lancamento","18","6.3","19802","hibrida_calibrada"
"236","NOVO-05","0904","Oeste","T1","9","128","4","2","2","12.3","0","parque","L","fundos","4","4","4","lancamento","19","3.4","24801","hibrida_calibrada"
"237","NOVO-05","1001","Oeste","T1","10","64","2","1","0","9.3","0","rua","O","frente","4","4","4","lancamento","25","5","20173","hibrida_calibrada"
"238","NOVO-05","1002","Oeste","T1","10","132","4","2","2","10.5","0","rua","N","frente","4","4","4","lancamento","14","5","23918","hibrida_calibrada"
"239","NOVO-05","1003","Oeste","T1","10","118","3","2","2","7.4","0","parque","L","lateral","4","4","4","lancamento","9","4.5","26791","hibrida_calibrada"
"240","NOVO-05","1004","Oeste","T1","10","95","3","1","1","7.1","0","rua","S","fundos","4","4","4","lancamento","23","4.4","22071","hibrida_calibrada"
"241","NOVO-05","1101","Oeste","T1","11","146","4","2","2","13.8","0","rua","N","frente","4","4","4","lancamento","4","1.5","18591","hibrida_calibrada"
"242","NOVO-05","1102","Oeste","T1","11","114","3","2","2","12.8","0","rua","L","frente","4","4","4","lancamento","25","7.2","26800","hibrida_calibrada"
"243","NOVO-05","1103","Oeste","T1","11","133","4","2","2","14.8","0","rua","S","lateral","4","4","4","lancamento","20","2.7","25068","hibrida_calibrada"
"244","NOVO-05","1104","Oeste","T1","11","98","3","1","1","3.9","0","rua","O","fundos","4","4","4","lancamento","26","3.2","23244","hibrida_calibrada"
"245","NOVO-05","1201","Oeste","T1","12","56","2","1","0","2.6","0","rua","L","frente","4","4","4","lancamento","26","7.2","22636","hibrida_calibrada"
"246","NOVO-05","1202","Oeste","T1","12","95","3","1","1","11.4","0","rua","S","frente","4","4","4","lancamento","10","6.5","19067","hibrida_calibrada"
"247","NOVO-05","1203","Oeste","T1","12","101","3","1","1","4.8","0","parque","O","lateral","4","4","4","lancamento","4","4.3","23437","hibrida_calibrada"
"248","NOVO-05","1204","Oeste","T1","12","136","4","2","2","12.3","0","rua","N","fundos","4","4","4","lancamento","15","4.2","19978","hibrida_calibrada"
"249","NOVO-05","1301","Oeste","T1","13","118","3","2","2","13.6","0","parque","S","frente","4","4","4","lancamento","29","6.2","24867","hibrida_calibrada"
"250","NOVO-05","1302","Oeste","T1","13","57","2","1","0","0.6","0","parque","O","frente","4","4","4","lancamento","23","7.8","23994","hibrida_calibrada"
"251","NOVO-05","1303","Oeste","T1","13","42","1","0","0","4.9","0","rua","N","lateral","4","4","4","lancamento","21","4.3","21646","hibrida_calibrada"
"252","NOVO-05","1304","Oeste","T1","13","132","4","2","2","14.7","0","parque","L","fundos","4","4","4","lancamento","15","5.8","22884","hibrida_calibrada"
"253","NOVO-05","1401","Oeste","T1","14","63","2","1","0","10.9","0","parque","O","frente","4","4","4","lancamento","22","6.5","19233","hibrida_calibrada"
"254","NOVO-05","1402","Oeste","T1","14","54","1","0","0","2.1","0","parque","N","frente","4","4","4","lancamento","10","4.5","25369","hibrida_calibrada"
"255","NOVO-05","1403","Oeste","T1","14","119","3","2","2","10.8","0","parque","L","lateral","4","4","4","lancamento","22","3.8","22264","hibrida_calibrada"
"256","NOVO-05","1404","Oeste","T1","14","130","4","2","2","12.9","0","rua","S","fundos","4","4","4","lancamento","23","5.8","21877","hibrida_calibrada"
"257","NOVO-05","1501","Oeste","T1","15","142","4","2","2","4.1","0","rua","N","frente","4","4","4","lancamento","22","7.1","21106","hibrida_calibrada"
"258","NOVO-05","1502","Oeste","T1","15","113","3","2","2","5.6","0","rua","L","frente","4","4","4","lancamento","21","7.4","21257","hibrida_calibrada"
"259","NOVO-05","1503","Oeste","T1","15","120","3","2","2","4.3","0","parque","S","lateral","4","4","4","lancamento","3","5.3","21272","hibrida_calibrada"
"260","NOVO-05","1504","Oeste","T1","15","107","3","2","2","12.4","0","parque","O","fundos","4","4","4","lancamento","17","4.2","27633","hibrida_calibrada"
"261","NOVO-05","1601","Oeste","T1","16","105","3","2","2","11.3","0","parque","L","frente","4","4","4","lancamento","5","3.3","23660","hibrida_calibrada"
"262","NOVO-05","1602","Oeste","T1","16","132","4","2","2","14.6","0","parque","S","frente","4","4","4","lancamento","29","5","23200","hibrida_calibrada"
"263","NOVO-05","1603","Oeste","T1","16","42","1","0","0","6.9","0","parque","O","lateral","4","4","4","lancamento","5","5.3","20800","hibrida_calibrada"
"264","NOVO-05","1604","Oeste","T1","16","43","1","0","0","1.3","0","parque","N","fundos","4","4","4","lancamento","0","2.9","17559","hibrida_calibrada"
"265","NOVO-05","1701","Oeste","T1","17","52","1","1","0","6.8","0","rua","S","frente","4","4","4","lancamento","6","2.2","20440","hibrida_calibrada"
"266","NOVO-05","1702","Oeste","T1","17","144","4","2","2","13.3","0","parque","O","frente","4","4","4","lancamento","6","3","24340","hibrida_calibrada"
"267","NOVO-05","1703","Oeste","T1","17","124","3","2","2","11.9","0","parque","N","lateral","4","4","4","lancamento","2","4.8","21771","hibrida_calibrada"
"268","NOVO-05","1704","Oeste","T1","17","142","4","2","2","10.6","0","parque","L","fundos","4","4","4","lancamento","10","4.6","23799","hibrida_calibrada"
"269","NOVO-05","1801","Oeste","T1","18","49","1","0","0","4.4","0","parque","O","frente","4","4","4","lancamento","1","6.6","22104","hibrida_calibrada"
"270","NOVO-05","1802","Oeste","T1","18","113","3","2","2","8.5","0","rua","N","frente","4","4","4","lancamento","11","3.1","26842","hibrida_calibrada"
"271","NOVO-05","1803","Oeste","T1","18","150","4","2","2","12.7","0","rua","L","lateral","4","4","4","lancamento","5","6.2","18161","hibrida_calibrada"
"272","NOVO-05","1804","Oeste","T1","18","50","1","0","0","1.9","0","parque","S","fundos","4","4","4","lancamento","25","3.4","25857","hibrida_calibrada"
"273","NOVO-05","1901","Oeste","T1","19","112","3","2","2","11.3","0","parque","N","frente","4","4","4","lancamento","21","4.2","23528","hibrida_calibrada"
"274","NOVO-05","1902","Oeste","T1","19","95","3","1","1","2.4","0","rua","L","frente","4","4","4","lancamento","29","4.5","24090","hibrida_calibrada"
"275","NOVO-05","1903","Oeste","T1","19","114","3","2","2","10.5","0","rua","S","lateral","4","4","4","lancamento","29","4.2","24376","hibrida_calibrada"
"276","NOVO-05","1904","Oeste","T1","19","108","3","2","2","10.4","0","parque","O","fundos","4","4","4","lancamento","18","4.4","22657","hibrida_calibrada"
"277","NOVO-05","2001","Oeste","T1","20","127","4","2","2","11.9","1","parque","L","frente","4","4","4","lancamento","30","6.2","31398","hibrida_calibrada"
"278","NOVO-05","2002","Oeste","T1","20","51","1","0","0","3.9","1","parque","S","frente","4","4","4","lancamento","6","6.8","24386","hibrida_calibrada"
"279","NOVO-05","2003","Oeste","T1","20","46","1","0","0","0","0","rua","O","lateral","4","4","4","lancamento","7","4.1","20667","hibrida_calibrada"
"280","NOVO-05","2004","Oeste","T1","20","159","4","3","2","16.4","0","parque","N","fundos","4","4","4","lancamento","14","4.1","29629","hibrida_calibrada"
"281","NOVO-06","0101","Oeste","T2","1","69","2","1","1","8","0","parque","O","frente","3","3","3","construcao","29","3.5","12328","hibrida_calibrada"
"282","NOVO-06","0102","Oeste","T2","1","114","3","2","2","10.5","0","parque","N","frente","3","3","3","construcao","6","5.5","13977","hibrida_calibrada"
"283","NOVO-06","0103","Oeste","T2","1","75","2","1","1","5.7","0","parque","L","lateral","3","3","3","construcao","15","2.9","13997","hibrida_calibrada"
"284","NOVO-06","0104","Oeste","T2","1","94","3","1","1","11.5","0","rua","S","fundos","3","3","3","construcao","23","6.5","12315","hibrida_calibrada"
"285","NOVO-06","0201","Oeste","T2","2","98","3","1","1","7.4","0","rua","N","frente","3","3","3","construcao","8","2.1","11005","hibrida_calibrada"
"286","NOVO-06","0202","Oeste","T2","2","93","3","1","1","9.1","0","rua","L","frente","3","3","3","construcao","18","2.1","11315","hibrida_calibrada"
"287","NOVO-06","0203","Oeste","T2","2","106","3","2","2","5.8","0","rua","S","lateral","3","3","3","construcao","13","2.4","12461","hibrida_calibrada"
"288","NOVO-06","0204","Oeste","T2","2","66","2","1","0","3.5","0","rua","O","fundos","3","3","3","construcao","9","3.9","12153","hibrida_calibrada"
"289","NOVO-06","0301","Oeste","T2","3","147","4","2","2","15.5","0","rua","L","frente","3","3","3","construcao","0","1.9","11880","hibrida_calibrada"
"290","NOVO-06","0302","Oeste","T2","3","75","2","1","1","8.3","0","rua","S","frente","3","3","3","construcao","24","3.1","13026","hibrida_calibrada"
"291","NOVO-06","0303","Oeste","T2","3","93","3","1","1","11.6","0","rua","O","lateral","3","3","3","construcao","3","2.6","11221","hibrida_calibrada"
"292","NOVO-06","0304","Oeste","T2","3","118","3","2","2","6.9","0","rua","N","fundos","3","3","3","construcao","28","5.7","13566","hibrida_calibrada"
"293","NOVO-06","0401","Oeste","T2","4","94","3","1","1","8.6","0","rua","S","frente","3","3","3","construcao","7","4.8","12163","hibrida_calibrada"
"294","NOVO-06","0402","Oeste","T2","4","92","3","1","1","8.3","0","rua","O","frente","3","3","3","construcao","6","6.8","11948","hibrida_calibrada"
"295","NOVO-06","0403","Oeste","T2","4","101","3","1","1","10.3","0","parque","N","lateral","3","3","3","construcao","28","7.6","15497","hibrida_calibrada"
"296","NOVO-06","0404","Oeste","T2","4","113","3","2","2","5.5","0","rua","L","fundos","3","3","3","construcao","20","2.4","14988","hibrida_calibrada"
"297","NOVO-06","0501","Oeste","T2","5","116","3","2","2","9.3","0","parque","O","frente","3","3","3","construcao","0","2.9","15098","hibrida_calibrada"
"298","NOVO-06","0502","Oeste","T2","5","98","3","1","1","7.6","0","rua","N","frente","3","3","3","construcao","17","5.3","13521","hibrida_calibrada"
"299","NOVO-06","0503","Oeste","T2","5","100","3","1","1","13","0","rua","L","lateral","3","3","3","construcao","5","6.5","11079","hibrida_calibrada"
"300","NOVO-06","0504","Oeste","T2","5","75","2","1","1","3.8","0","parque","S","fundos","3","3","3","construcao","24","4.9","12859","hibrida_calibrada"
"301","NOVO-06","0601","Oeste","T2","6","112","3","2","2","8.9","0","rua","N","frente","3","3","3","construcao","21","8.1","13867","hibrida_calibrada"
"302","NOVO-06","0602","Oeste","T2","6","121","3","2","2","12.5","0","parque","L","frente","3","3","3","construcao","12","5.9","14601","hibrida_calibrada"
"303","NOVO-06","0603","Oeste","T2","6","90","3","1","1","8.3","0","rua","S","lateral","3","3","3","construcao","6","4.5","10646","hibrida_calibrada"
"304","NOVO-06","0604","Oeste","T2","6","99","3","1","1","11.1","0","rua","O","fundos","3","3","3","construcao","0","4.9","11739","hibrida_calibrada"
"305","NOVO-06","0701","Oeste","T2","7","108","3","2","2","10.9","0","rua","L","frente","3","3","3","construcao","14","5.8","14476","hibrida_calibrada"
"306","NOVO-06","0702","Oeste","T2","7","88","3","1","1","9","0","rua","S","frente","3","3","3","construcao","8","4.4","16024","hibrida_calibrada"
"307","NOVO-06","0703","Oeste","T2","7","117","3","2","2","8.2","0","rua","O","lateral","3","3","3","construcao","6","2.2","13215","hibrida_calibrada"
"308","NOVO-06","0704","Oeste","T2","7","75","2","1","1","8.8","0","parque","N","fundos","3","3","3","construcao","4","2.3","12477","hibrida_calibrada"
"309","NOVO-06","0801","Oeste","T2","8","121","3","2","2","7.5","0","rua","S","frente","3","3","3","construcao","15","1.7","12822","hibrida_calibrada"
"310","NOVO-06","0802","Oeste","T2","8","94","3","1","1","12.7","0","parque","O","frente","3","3","3","construcao","23","7.2","13045","hibrida_calibrada"
"311","NOVO-06","0803","Oeste","T2","8","117","3","2","2","11.5","0","rua","N","lateral","3","3","3","construcao","3","4.4","12814","hibrida_calibrada"
"312","NOVO-06","0804","Oeste","T2","8","72","2","1","1","8.7","0","parque","L","fundos","3","3","3","construcao","11","3.8","14171","hibrida_calibrada"
"313","NOVO-06","0901","Oeste","T2","9","121","3","2","2","11.2","0","parque","O","frente","3","3","3","construcao","10","4.2","11893","hibrida_calibrada"
"314","NOVO-06","0902","Oeste","T2","9","98","3","1","1","10.4","0","parque","N","frente","3","3","3","construcao","5","5.5","15381","hibrida_calibrada"
"315","NOVO-06","0903","Oeste","T2","9","93","3","1","1","6.4","0","parque","L","lateral","3","3","3","construcao","29","8.2","14220","hibrida_calibrada"
"316","NOVO-06","0904","Oeste","T2","9","113","3","2","2","6.5","0","parque","S","fundos","3","3","3","construcao","26","8.2","13946","hibrida_calibrada"
"317","NOVO-06","1001","Oeste","T2","10","86","3","1","1","5","0","parque","N","frente","3","3","3","construcao","8","5.4","16401","hibrida_calibrada"
"318","NOVO-06","1002","Oeste","T2","10","89","3","1","1","2.7","0","parque","L","frente","3","3","3","construcao","22","7.4","11325","hibrida_calibrada"
"319","NOVO-06","1003","Oeste","T2","10","69","2","1","1","4","0","rua","S","lateral","3","3","3","construcao","17","4.2","12324","hibrida_calibrada"
"320","NOVO-06","1004","Oeste","T2","10","106","3","2","2","10.7","0","parque","O","fundos","3","3","3","construcao","23","3.5","16235","hibrida_calibrada"
"321","NOVO-06","1101","Oeste","T2","11","103","3","1","1","13.1","0","parque","L","frente","3","3","3","construcao","21","6.3","16669","hibrida_calibrada"
"322","NOVO-06","1102","Oeste","T2","11","112","3","2","2","15.8","0","rua","S","frente","3","3","3","construcao","23","3.1","13040","hibrida_calibrada"
"323","NOVO-06","1103","Oeste","T2","11","109","3","2","2","7.7","0","parque","O","lateral","3","3","3","construcao","5","2.4","14914","hibrida_calibrada"
"324","NOVO-06","1104","Oeste","T2","11","128","4","2","2","8.9","0","parque","N","fundos","3","3","3","construcao","25","6","22495","hibrida_calibrada"
"325","NOVO-06","1201","Oeste","T2","12","114","3","2","2","5.2","1","rua","S","frente","3","3","3","construcao","11","2.1","15334","hibrida_calibrada"
"326","NOVO-06","1202","Oeste","T2","12","99","3","1","1","13.4","1","parque","O","frente","3","3","3","construcao","3","6.4","13668","hibrida_calibrada"
"327","NOVO-06","1203","Oeste","T2","12","84","3","1","1","12.4","0","rua","N","lateral","3","3","3","construcao","26","7","14173","hibrida_calibrada"
"328","NOVO-06","1204","Oeste","T2","12","104","3","1","1","7","0","parque","L","fundos","3","3","3","construcao","15","4.8","12223","hibrida_calibrada"
"329","NOVO-07","0101","Nordeste","T1","1","117","3","2","2","14.5","0","rua","N","frente","3","4","3","pronto","10","6.7","12280","hibrida_calibrada"
"330","NOVO-07","0102","Nordeste","T1","1","117","3","2","2","13.9","0","rua","L","frente","3","4","3","pronto","19","3.7","14820","hibrida_calibrada"
"331","NOVO-07","0103","Nordeste","T1","1","76","2","1","1","6.3","0","rua","S","lateral","3","4","3","pronto","24","8.1","12688","hibrida_calibrada"
"332","NOVO-07","0104","Nordeste","T1","1","93","3","1","1","6.8","0","rua","O","fundos","3","4","3","pronto","18","3.6","13498","hibrida_calibrada"
"333","NOVO-07","0201","Nordeste","T1","2","119","3","2","2","5.1","0","rua","L","frente","3","4","3","pronto","20","4.6","14732","hibrida_calibrada"
"334","NOVO-07","0202","Nordeste","T1","2","96","3","1","1","3.8","0","rua","S","frente","3","4","3","pronto","28","3.9","11957","hibrida_calibrada"
"335","NOVO-07","0203","Nordeste","T1","2","137","4","2","2","12.8","0","parque","O","lateral","3","4","3","pronto","23","5.9","12944","hibrida_calibrada"
"336","NOVO-07","0204","Nordeste","T1","2","83","3","1","1","6.5","0","rua","N","fundos","3","4","3","pronto","5","4.8","13598","hibrida_calibrada"
"337","NOVO-07","0301","Nordeste","T1","3","101","3","1","1","5.1","0","parque","S","frente","3","4","3","pronto","30","8.2","16304","hibrida_calibrada"
"338","NOVO-07","0302","Nordeste","T1","3","72","2","1","1","4.4","0","rua","O","frente","3","4","3","pronto","5","2.3","12509","hibrida_calibrada"
"339","NOVO-07","0303","Nordeste","T1","3","110","3","2","2","14.5","0","parque","N","lateral","3","4","3","pronto","29","8","15363","hibrida_calibrada"
"340","NOVO-07","0304","Nordeste","T1","3","121","3","2","2","7.2","0","rua","L","fundos","3","4","3","pronto","27","6","14100","hibrida_calibrada"
"341","NOVO-07","0401","Nordeste","T1","4","111","3","2","2","7.4","0","rua","O","frente","3","4","3","pronto","5","4.4","12083","hibrida_calibrada"
"342","NOVO-07","0402","Nordeste","T1","4","110","3","2","2","8","0","rua","N","frente","3","4","3","pronto","12","6","13266","hibrida_calibrada"
"343","NOVO-07","0403","Nordeste","T1","4","115","3","2","2","12.3","0","rua","L","lateral","3","4","3","pronto","8","1.9","15679","hibrida_calibrada"
"344","NOVO-07","0404","Nordeste","T1","4","97","3","1","1","7.5","0","parque","S","fundos","3","4","3","pronto","28","4.4","16502","hibrida_calibrada"
"345","NOVO-07","0501","Nordeste","T1","5","103","3","1","1","4.4","0","rua","N","frente","3","4","3","pronto","9","5.5","15594","hibrida_calibrada"
"346","NOVO-07","0502","Nordeste","T1","5","88","3","1","1","6.4","0","parque","L","frente","3","4","3","pronto","29","3.2","17437","hibrida_calibrada"
"347","NOVO-07","0503","Nordeste","T1","5","65","2","1","0","1.5","0","parque","S","lateral","3","4","3","pronto","8","4.4","13617","hibrida_calibrada"
"348","NOVO-07","0504","Nordeste","T1","5","91","3","1","1","5.7","0","rua","O","fundos","3","4","3","pronto","28","5.6","15031","hibrida_calibrada"
"349","NOVO-07","0601","Nordeste","T1","6","100","3","1","1","15","0","rua","L","frente","3","4","3","pronto","4","1.6","15235","hibrida_calibrada"
"350","NOVO-07","0602","Nordeste","T1","6","109","3","2","2","4.7","0","rua","S","frente","3","4","3","pronto","5","6.8","13388","hibrida_calibrada"
"351","NOVO-07","0603","Nordeste","T1","6","114","3","2","2","13","0","rua","O","lateral","3","4","3","pronto","27","6.5","13313","hibrida_calibrada"
"352","NOVO-07","0604","Nordeste","T1","6","105","3","2","2","14","0","rua","N","fundos","3","4","3","pronto","11","5.9","16244","hibrida_calibrada"
"353","NOVO-07","0701","Nordeste","T1","7","112","3","2","2","6","0","rua","S","frente","3","4","3","pronto","9","4.9","15388","hibrida_calibrada"
"354","NOVO-07","0702","Nordeste","T1","7","94","3","1","1","11.9","0","rua","O","frente","3","4","3","pronto","19","5.3","15641","hibrida_calibrada"
"355","NOVO-07","0703","Nordeste","T1","7","129","4","2","2","10.2","0","parque","N","lateral","3","4","3","pronto","28","6.3","14296","hibrida_calibrada"
"356","NOVO-07","0704","Nordeste","T1","7","108","3","2","2","9.9","0","parque","L","fundos","3","4","3","pronto","18","1.5","18062","hibrida_calibrada"
"357","NOVO-07","0801","Nordeste","T1","8","126","4","2","2","14.7","0","rua","O","frente","3","4","3","pronto","1","3.7","14683","hibrida_calibrada"
"358","NOVO-07","0802","Nordeste","T1","8","108","3","2","2","15.1","0","rua","N","frente","3","4","3","pronto","7","5.1","16260","hibrida_calibrada"
"359","NOVO-07","0803","Nordeste","T1","8","89","3","1","1","13.8","0","parque","L","lateral","3","4","3","pronto","13","2.7","18696","hibrida_calibrada"
"360","NOVO-07","0804","Nordeste","T1","8","119","3","2","2","15.4","0","parque","S","fundos","3","4","3","pronto","10","3.2","13123","hibrida_calibrada"
"361","NOVO-07","0901","Nordeste","T1","9","107","3","2","2","8.7","0","parque","N","frente","3","4","3","pronto","11","5.9","16750","hibrida_calibrada"
"362","NOVO-07","0902","Nordeste","T1","9","99","3","1","1","11.2","0","parque","L","frente","3","4","3","pronto","1","1.7","15757","hibrida_calibrada"
"363","NOVO-07","0903","Nordeste","T1","9","135","4","2","2","10.2","0","rua","S","lateral","3","4","3","pronto","14","5","14800","hibrida_calibrada"
"364","NOVO-07","0904","Nordeste","T1","9","122","3","2","2","10.7","0","rua","O","fundos","3","4","3","pronto","14","2.1","13823","hibrida_calibrada"
"365","NOVO-07","1001","Nordeste","T1","10","109","3","2","2","7.6","0","rua","L","frente","3","4","3","pronto","9","1.9","17508","hibrida_calibrada"
"366","NOVO-07","1002","Nordeste","T1","10","102","3","1","1","10.3","0","parque","S","frente","3","4","3","pronto","28","3.9","20192","hibrida_calibrada"
"367","NOVO-07","1003","Nordeste","T1","10","77","2","1","1","8.5","0","rua","O","lateral","3","4","3","pronto","24","5.8","13020","hibrida_calibrada"
"368","NOVO-07","1004","Nordeste","T1","10","94","3","1","1","9","0","parque","N","fundos","3","4","3","pronto","24","6.4","17509","hibrida_calibrada"
"369","NOVO-07","1101","Nordeste","T1","11","132","4","2","2","17.9","0","parque","S","frente","3","4","3","pronto","19","2.6","15811","hibrida_calibrada"
"370","NOVO-07","1102","Nordeste","T1","11","109","3","2","2","4.8","0","parque","O","frente","3","4","3","pronto","20","6.2","17525","hibrida_calibrada"
"371","NOVO-07","1103","Nordeste","T1","11","97","3","1","1","12.4","0","parque","N","lateral","3","4","3","pronto","7","5.8","16042","hibrida_calibrada"
"372","NOVO-07","1104","Nordeste","T1","11","110","3","2","2","7.6","0","rua","L","fundos","3","4","3","pronto","12","1.7","14905","hibrida_calibrada"
"373","NOVO-07","1201","Nordeste","T1","12","129","4","2","2","10.3","0","parque","O","frente","3","4","3","pronto","1","4.8","14587","hibrida_calibrada"
"374","NOVO-07","1202","Nordeste","T1","12","69","2","1","1","9.4","0","parque","N","frente","3","4","3","pronto","18","1.6","22458","hibrida_calibrada"
"375","NOVO-07","1203","Nordeste","T1","12","94","3","1","1","9.1","0","parque","L","lateral","3","4","3","pronto","26","5.4","16222","hibrida_calibrada"
"376","NOVO-07","1204","Nordeste","T1","12","84","3","1","1","9.7","0","rua","S","fundos","3","4","3","pronto","14","1.6","15976","hibrida_calibrada"
"377","NOVO-07","1301","Nordeste","T1","13","110","3","2","2","8.3","0","rua","N","frente","3","4","3","pronto","24","3.6","16370","hibrida_calibrada"
"378","NOVO-07","1302","Nordeste","T1","13","141","4","2","2","12.7","0","parque","L","frente","3","4","3","pronto","1","2.8","13432","hibrida_calibrada"
"379","NOVO-07","1303","Nordeste","T1","13","117","3","2","2","9.1","0","parque","S","lateral","3","4","3","pronto","26","5.8","16439","hibrida_calibrada"
"380","NOVO-07","1304","Nordeste","T1","13","121","3","2","2","8.3","0","rua","O","fundos","3","4","3","pronto","14","5.4","15506","hibrida_calibrada"
"381","NOVO-07","1401","Nordeste","T1","14","117","3","2","2","8.8","0","parque","L","frente","3","4","3","pronto","1","2.1","17117","hibrida_calibrada"
"382","NOVO-07","1402","Nordeste","T1","14","102","3","1","1","10.6","0","parque","S","frente","3","4","3","pronto","12","1.7","16995","hibrida_calibrada"
"383","NOVO-07","1403","Nordeste","T1","14","83","3","1","1","4.5","0","rua","O","lateral","3","4","3","pronto","15","6","14736","hibrida_calibrada"
"384","NOVO-07","1404","Nordeste","T1","14","114","3","2","2","14","0","parque","N","fundos","3","4","3","pronto","26","7.6","21461","hibrida_calibrada"
"385","NOVO-07","1501","Nordeste","T1","15","123","3","2","2","10.8","1","parque","S","frente","3","4","3","pronto","4","2.2","17484","hibrida_calibrada"
"386","NOVO-07","1502","Nordeste","T1","15","107","3","2","2","11.5","1","rua","O","frente","3","4","3","pronto","16","6.4","17244","hibrida_calibrada"
"387","NOVO-07","1503","Nordeste","T1","15","91","3","1","1","12.5","0","rua","N","lateral","3","4","3","pronto","10","4.3","13598","hibrida_calibrada"
"388","NOVO-07","1504","Nordeste","T1","15","91","3","1","1","10.7","0","parque","L","fundos","3","4","3","pronto","12","2.4","17681","hibrida_calibrada"
"389","NOVO-08","0101","Noroeste","T2","1","117","3","2","2","12.6","0","rua","L","frente","3","3","3","acabamento","17","5","10103","hibrida_calibrada"
"390","NOVO-08","0102","Noroeste","T2","1","80","2","1","1","3.1","0","rua","S","frente","3","3","3","acabamento","5","6","9593","hibrida_calibrada"
"391","NOVO-08","0103","Noroeste","T2","1","84","3","1","1","14.5","0","rua","O","lateral","3","3","3","acabamento","8","3.4","10764","hibrida_calibrada"
"392","NOVO-08","0104","Noroeste","T2","1","109","3","2","2","9.8","0","rua","N","fundos","3","3","3","acabamento","23","4.4","11545","hibrida_calibrada"
"393","NOVO-08","0201","Noroeste","T2","2","129","4","2","2","17","0","rua","S","frente","3","3","3","acabamento","17","2.5","11231","hibrida_calibrada"
"394","NOVO-08","0202","Noroeste","T2","2","91","3","1","1","3.8","0","parque","O","frente","3","3","3","acabamento","9","5.7","11042","hibrida_calibrada"
"395","NOVO-08","0203","Noroeste","T2","2","114","3","2","2","13.1","0","parque","N","lateral","3","3","3","acabamento","25","3.6","12238","hibrida_calibrada"
"396","NOVO-08","0204","Noroeste","T2","2","111","3","2","2","9.4","0","rua","L","fundos","3","3","3","acabamento","1","2.7","11416","hibrida_calibrada"
"397","NOVO-08","0301","Noroeste","T2","3","95","3","1","1","11.7","0","rua","O","frente","3","3","3","acabamento","17","6.1","10671","hibrida_calibrada"
"398","NOVO-08","0302","Noroeste","T2","3","124","3","2","2","8.7","0","rua","N","frente","3","3","3","acabamento","21","6.4","12019","hibrida_calibrada"
"399","NOVO-08","0303","Noroeste","T2","3","120","3","2","2","15.2","0","parque","L","lateral","3","3","3","acabamento","20","4.3","13982","hibrida_calibrada"
"400","NOVO-08","0304","Noroeste","T2","3","117","3","2","2","11.6","0","rua","S","fundos","3","3","3","acabamento","23","7.1","11922","hibrida_calibrada"
"401","NOVO-08","0401","Noroeste","T2","4","129","4","2","2","15","0","rua","N","frente","3","3","3","acabamento","23","7.3","12966","hibrida_calibrada"
"402","NOVO-08","0402","Noroeste","T2","4","85","3","1","1","7.5","0","rua","L","frente","3","3","3","acabamento","17","2.8","12055","hibrida_calibrada"
"403","NOVO-08","0403","Noroeste","T2","4","80","2","1","1","10.3","0","rua","S","lateral","3","3","3","acabamento","29","6.7","11546","hibrida_calibrada"
"404","NOVO-08","0404","Noroeste","T2","4","98","3","1","1","6.9","0","rua","O","fundos","3","3","3","acabamento","2","5","10027","hibrida_calibrada"
"405","NOVO-08","0501","Noroeste","T2","5","83","3","1","1","6.8","0","rua","L","frente","3","3","3","acabamento","26","3.5","11923","hibrida_calibrada"
"406","NOVO-08","0502","Noroeste","T2","5","90","3","1","1","8.3","0","rua","S","frente","3","3","3","acabamento","28","7.9","10970","hibrida_calibrada"
"407","NOVO-08","0503","Noroeste","T2","5","108","3","2","2","11.9","0","rua","O","lateral","3","3","3","acabamento","25","5.3","11962","hibrida_calibrada"
"408","NOVO-08","0504","Noroeste","T2","5","104","3","1","1","13.8","0","rua","N","fundos","3","3","3","acabamento","16","2.1","13040","hibrida_calibrada"
"409","NOVO-08","0601","Noroeste","T2","6","102","3","1","1","6.2","0","parque","S","frente","3","3","3","acabamento","22","3.3","11603","hibrida_calibrada"
"410","NOVO-08","0602","Noroeste","T2","6","136","4","2","2","15.8","0","rua","O","frente","3","3","3","acabamento","7","6.2","9185","hibrida_calibrada"
"411","NOVO-08","0603","Noroeste","T2","6","107","3","2","2","13.8","0","rua","N","lateral","3","3","3","acabamento","7","2.4","12056","hibrida_calibrada"
"412","NOVO-08","0604","Noroeste","T2","6","131","4","2","2","10.1","0","parque","L","fundos","3","3","3","acabamento","8","3.3","12297","hibrida_calibrada"
"413","NOVO-08","0701","Noroeste","T2","7","126","4","2","2","19.3","0","rua","O","frente","3","3","3","acabamento","16","4.4","12665","hibrida_calibrada"
"414","NOVO-08","0702","Noroeste","T2","7","84","3","1","1","2.3","0","parque","N","frente","3","3","3","acabamento","26","8.1","14409","hibrida_calibrada"
"415","NOVO-08","0703","Noroeste","T2","7","107","3","2","2","9.9","0","rua","L","lateral","3","3","3","acabamento","13","6.4","11252","hibrida_calibrada"
"416","NOVO-08","0704","Noroeste","T2","7","127","4","2","2","13.2","0","rua","S","fundos","3","3","3","acabamento","29","2.9","13136","hibrida_calibrada"
"417","NOVO-08","0801","Noroeste","T2","8","125","4","2","2","10","0","parque","N","frente","3","3","3","acabamento","3","5.1","11144","hibrida_calibrada"
"418","NOVO-08","0802","Noroeste","T2","8","89","3","1","1","10.4","0","parque","L","frente","3","3","3","acabamento","10","6.4","12029","hibrida_calibrada"
"419","NOVO-08","0803","Noroeste","T2","8","112","3","2","2","7.9","0","parque","S","lateral","3","3","3","acabamento","11","5.9","14360","hibrida_calibrada"
"420","NOVO-08","0804","Noroeste","T2","8","72","2","1","1","7.3","0","rua","O","fundos","3","3","3","acabamento","22","3.5","12337","hibrida_calibrada"
"421","NOVO-08","0901","Noroeste","T2","9","135","4","2","2","13","0","rua","L","frente","3","3","3","acabamento","7","6.1","11311","hibrida_calibrada"
"422","NOVO-08","0902","Noroeste","T2","9","129","4","2","2","8.6","0","rua","S","frente","3","3","3","acabamento","5","3.4","10517","hibrida_calibrada"
"423","NOVO-08","0903","Noroeste","T2","9","78","2","1","1","9.7","0","parque","O","lateral","3","3","3","acabamento","13","3.3","13632","hibrida_calibrada"
"424","NOVO-08","0904","Noroeste","T2","9","119","3","2","2","7.1","0","rua","N","fundos","3","3","3","acabamento","23","7.7","12843","hibrida_calibrada"
"425","NOVO-08","1001","Noroeste","T2","10","119","3","2","2","9.1","0","rua","S","frente","3","3","3","acabamento","0","3.7","12617","hibrida_calibrada"
"426","NOVO-08","1002","Noroeste","T2","10","124","3","2","2","11.2","0","rua","O","frente","3","3","3","acabamento","1","2.4","10626","hibrida_calibrada"
"427","NOVO-08","1003","Noroeste","T2","10","89","3","1","1","9.8","0","parque","N","lateral","3","3","3","acabamento","29","3.1","17091","hibrida_calibrada"
"428","NOVO-08","1004","Noroeste","T2","10","90","3","1","1","13.7","0","parque","L","fundos","3","3","3","acabamento","9","5.6","11145","hibrida_calibrada"
"429","NOVO-08","1101","Noroeste","T2","11","125","4","2","2","16.4","1","parque","O","frente","3","3","3","acabamento","16","2.9","17464","hibrida_calibrada"
"430","NOVO-08","1102","Noroeste","T2","11","88","3","1","1","7.9","1","parque","N","frente","3","3","3","acabamento","23","6.4","17524","hibrida_calibrada"
"431","NOVO-08","1103","Noroeste","T2","11","93","3","1","1","9.4","0","parque","L","lateral","3","3","3","acabamento","17","2.4","13027","hibrida_calibrada"
"432","NOVO-08","1104","Noroeste","T2","11","116","3","2","2","13.8","0","parque","S","fundos","3","3","3","acabamento","13","2.5","13509","hibrida_calibrada"
"433","NOVO-09","0101","Barreiro","T1","1","54","1","1","0","4.8","0","rua","S","frente","2","3","2","construcao","19","4.8","10472","hibrida_calibrada"
"434","NOVO-09","0102","Barreiro","T1","1","43","1","1","0","4.6","0","rua","O","frente","2","3","2","construcao","22","3.9","9674","hibrida_calibrada"
"435","NOVO-09","0103","Barreiro","T1","1","68","2","1","1","3","0","rua","N","lateral","2","3","2","construcao","15","2.9","11017","hibrida_calibrada"
"436","NOVO-09","0104","Barreiro","T1","1","59","2","1","0","1.9","0","rua","L","fundos","2","3","2","construcao","8","3.3","9900","hibrida_calibrada"
"437","NOVO-09","0201","Barreiro","T1","2","53","1","1","0","4.4","0","rua","O","frente","2","3","2","construcao","2","3.3","8653","hibrida_calibrada"
"438","NOVO-09","0202","Barreiro","T1","2","42","1","1","0","0.4","0","rua","N","frente","2","3","2","construcao","15","3","9959","hibrida_calibrada"
"439","NOVO-09","0203","Barreiro","T1","2","56","2","1","0","2.3","0","rua","L","lateral","2","3","2","construcao","27","5.3","10190","hibrida_calibrada"
"440","NOVO-09","0204","Barreiro","T1","2","49","1","1","0","5.8","0","rua","S","fundos","2","3","2","construcao","8","4.5","9915","hibrida_calibrada"
"441","NOVO-09","0301","Barreiro","T1","3","68","2","1","1","5.8","0","rua","N","frente","2","3","2","construcao","14","2.4","10284","hibrida_calibrada"
"442","NOVO-09","0302","Barreiro","T1","3","49","1","1","0","7.5","0","rua","L","frente","2","3","2","construcao","20","4.9","9125","hibrida_calibrada"
"443","NOVO-09","0303","Barreiro","T1","3","46","1","0","0","5","0","rua","S","lateral","2","3","2","construcao","28","3","11004","hibrida_calibrada"
"444","NOVO-09","0304","Barreiro","T1","3","42","1","0","0","4.2","0","rua","O","fundos","2","3","2","construcao","24","6","9785","hibrida_calibrada"
"445","NOVO-09","0401","Barreiro","T1","4","55","2","1","0","8","0","rua","L","frente","2","3","2","construcao","9","4.2","10140","hibrida_calibrada"
"446","NOVO-09","0402","Barreiro","T1","4","41","1","1","0","0.3","0","parque","S","frente","2","3","2","construcao","1","3.1","11231","hibrida_calibrada"
"447","NOVO-09","0403","Barreiro","T1","4","39","1","0","0","1.9","0","rua","O","lateral","2","3","2","construcao","1","6.8","8751","hibrida_calibrada"
"448","NOVO-09","0404","Barreiro","T1","4","56","2","1","0","8.2","0","parque","N","fundos","2","3","2","construcao","1","2.6","10570","hibrida_calibrada"
"449","NOVO-09","0501","Barreiro","T1","5","61","2","1","0","12.7","0","rua","S","frente","2","3","2","construcao","14","6.5","8996","hibrida_calibrada"
"450","NOVO-09","0502","Barreiro","T1","5","57","2","1","0","6.9","0","rua","O","frente","2","3","2","construcao","24","3.8","8581","hibrida_calibrada"
"451","NOVO-09","0503","Barreiro","T1","5","52","1","0","0","12.4","0","rua","N","lateral","2","3","2","construcao","7","5.9","9510","hibrida_calibrada"
"452","NOVO-09","0504","Barreiro","T1","5","46","1","1","0","0","0","rua","L","fundos","2","3","2","construcao","18","3.1","10714","hibrida_calibrada"
"453","NOVO-09","0601","Barreiro","T1","6","54","1","1","0","6.6","0","parque","O","frente","2","3","2","construcao","15","3.2","10875","hibrida_calibrada"
"454","NOVO-09","0602","Barreiro","T1","6","53","1","0","0","3.9","0","rua","N","frente","2","3","2","construcao","20","4.9","10329","hibrida_calibrada"
"455","NOVO-09","0603","Barreiro","T1","6","47","1","0","0","6.1","0","parque","L","lateral","2","3","2","construcao","3","5.9","9895","hibrida_calibrada"
"456","NOVO-09","0604","Barreiro","T1","6","56","2","1","0","2.5","0","rua","S","fundos","2","3","2","construcao","10","2","11364","hibrida_calibrada"
"457","NOVO-09","0701","Barreiro","T1","7","65","2","1","0","7.3","0","rua","N","frente","2","3","2","construcao","21","6","11376","hibrida_calibrada"
"458","NOVO-09","0702","Barreiro","T1","7","55","2","1","0","4.6","0","rua","L","frente","2","3","2","construcao","16","2.4","11126","hibrida_calibrada"
"459","NOVO-09","0703","Barreiro","T1","7","40","1","1","0","8.1","0","rua","S","lateral","2","3","2","construcao","19","5.7","10648","hibrida_calibrada"
"460","NOVO-09","0704","Barreiro","T1","7","49","1","0","0","3.9","0","rua","O","fundos","2","3","2","construcao","23","4.9","11319","hibrida_calibrada"
"461","NOVO-09","0801","Barreiro","T1","8","59","2","1","0","3.5","0","rua","L","frente","2","3","2","construcao","27","5.9","9962","hibrida_calibrada"
"462","NOVO-09","0802","Barreiro","T1","8","45","1","1","0","7.2","0","parque","S","frente","2","3","2","construcao","8","4.6","11263","hibrida_calibrada"
"463","NOVO-09","0803","Barreiro","T1","8","45","1","1","0","2.7","0","parque","O","lateral","2","3","2","construcao","13","5.8","10947","hibrida_calibrada"
"464","NOVO-09","0804","Barreiro","T1","8","42","1","0","0","3.6","0","rua","N","fundos","2","3","2","construcao","11","3.2","11295","hibrida_calibrada"
"465","NOVO-09","0901","Barreiro","T1","9","64","2","1","0","3.2","0","rua","S","frente","2","3","2","construcao","17","5.5","9252","hibrida_calibrada"
"466","NOVO-09","0902","Barreiro","T1","9","41","1","0","0","2.9","0","rua","O","frente","2","3","2","construcao","25","5.7","11639","hibrida_calibrada"
"467","NOVO-09","0903","Barreiro","T1","9","58","2","1","0","5.6","0","rua","N","lateral","2","3","2","construcao","27","4.5","10478","hibrida_calibrada"
"468","NOVO-09","0904","Barreiro","T1","9","50","1","1","0","9.4","0","rua","L","fundos","2","3","2","construcao","0","6.5","10657","hibrida_calibrada"
"469","NOVO-09","1001","Barreiro","T1","10","52","1","1","0","6.9","1","parque","O","frente","2","3","2","construcao","24","4.8","13666","hibrida_calibrada"
"470","NOVO-09","1002","Barreiro","T1","10","48","1","0","0","7.7","1","parque","N","frente","2","3","2","construcao","12","3.6","12347","hibrida_calibrada"
"471","NOVO-09","1003","Barreiro","T1","10","49","1","0","0","4.6","0","parque","L","lateral","2","3","2","construcao","28","4.9","11328","hibrida_calibrada"
"472","NOVO-09","1004","Barreiro","T1","10","53","1","1","0","0.1","0","rua","S","fundos","2","3","2","construcao","1","4.8","10140","hibrida_calibrada"
"473","NOVO-10","0101","Venda Nova","T2","1","59","2","1","0","2.5","0","rua","O","frente","2","2","2","lancamento","8","4.4","7380","hibrida_calibrada"
"474","NOVO-10","0102","Venda Nova","T2","1","46","1","0","0","5","0","rua","N","frente","2","2","2","lancamento","19","3.9","8440","hibrida_calibrada"
"475","NOVO-10","0103","Venda Nova","T2","1","48","1","0","0","5","0","rua","L","lateral","2","2","2","lancamento","3","1.5","6533","hibrida_calibrada"
"476","NOVO-10","0104","Venda Nova","T2","1","42","1","0","0","5.7","0","parque","S","fundos","2","2","2","lancamento","21","7","7745","hibrida_calibrada"
"477","NOVO-10","0201","Venda Nova","T2","2","51","1","0","0","5.8","0","rua","N","frente","2","2","2","lancamento","5","3.5","7277","hibrida_calibrada"
"478","NOVO-10","0202","Venda Nova","T2","2","41","1","1","0","7","0","rua","L","frente","2","2","2","lancamento","7","4.7","7887","hibrida_calibrada"
"479","NOVO-10","0203","Venda Nova","T2","2","49","1","1","0","0.1","0","rua","S","lateral","2","2","2","lancamento","4","4.2","7249","hibrida_calibrada"
"480","NOVO-10","0204","Venda Nova","T2","2","54","1","0","0","5.2","0","rua","O","fundos","2","2","2","lancamento","25","5.4","7268","hibrida_calibrada"
"481","NOVO-10","0301","Venda Nova","T2","3","67","2","1","0","2.8","0","rua","L","frente","2","2","2","lancamento","20","4.2","8237","hibrida_calibrada"
"482","NOVO-10","0302","Venda Nova","T2","3","53","1","1","0","8","0","rua","S","frente","2","2","2","lancamento","22","8.1","8179","hibrida_calibrada"
"483","NOVO-10","0303","Venda Nova","T2","3","51","1","0","0","7.7","0","rua","O","lateral","2","2","2","lancamento","5","2.3","7297","hibrida_calibrada"
"484","NOVO-10","0304","Venda Nova","T2","3","40","1","0","0","6.8","0","parque","N","fundos","2","2","2","lancamento","9","3","8334","hibrida_calibrada"
"485","NOVO-10","0401","Venda Nova","T2","4","50","1","1","0","2","0","rua","S","frente","2","2","2","lancamento","7","3","7539","hibrida_calibrada"
"486","NOVO-10","0402","Venda Nova","T2","4","42","1","1","0","4.5","0","rua","O","frente","2","2","2","lancamento","28","8.1","6893","hibrida_calibrada"
"487","NOVO-10","0403","Venda Nova","T2","4","45","1","0","0","8.8","0","rua","N","lateral","2","2","2","lancamento","25","4.5","7964","hibrida_calibrada"
"488","NOVO-10","0404","Venda Nova","T2","4","32","1","1","0","0","0","rua","L","fundos","2","2","2","lancamento","9","1.6","7727","hibrida_calibrada"
"489","NOVO-10","0501","Venda Nova","T2","5","58","2","1","0","5.8","0","parque","O","frente","2","2","2","lancamento","29","7.7","9090","hibrida_calibrada"
"490","NOVO-10","0502","Venda Nova","T2","5","48","1","0","0","4.7","0","rua","N","frente","2","2","2","lancamento","7","3.8","7866","hibrida_calibrada"
"491","NOVO-10","0503","Venda Nova","T2","5","32","1","0","0","3.3","0","rua","L","lateral","2","2","2","lancamento","15","2.3","8532","hibrida_calibrada"
"492","NOVO-10","0504","Venda Nova","T2","5","48","1","1","0","6.5","0","rua","S","fundos","2","2","2","lancamento","17","4.9","10185","hibrida_calibrada"
"493","NOVO-10","0601","Venda Nova","T2","6","49","1","1","0","6.2","0","rua","N","frente","2","2","2","lancamento","12","2.6","7596","hibrida_calibrada"
"494","NOVO-10","0602","Venda Nova","T2","6","54","1","1","0","4","0","rua","L","frente","2","2","2","lancamento","3","2.1","7304","hibrida_calibrada"
"495","NOVO-10","0603","Venda Nova","T2","6","58","2","1","0","2.7","0","rua","S","lateral","2","2","2","lancamento","24","5.9","8594","hibrida_calibrada"
"496","NOVO-10","0604","Venda Nova","T2","6","48","1","1","0","0","0","rua","O","fundos","2","2","2","lancamento","23","5.4","7658","hibrida_calibrada"
"497","NOVO-10","0701","Venda Nova","T2","7","60","2","1","0","9.3","0","parque","L","frente","2","2","2","lancamento","22","5.3","9707","hibrida_calibrada"
"498","NOVO-10","0702","Venda Nova","T2","7","56","2","1","0","6.5","0","rua","S","frente","2","2","2","lancamento","14","7","7605","hibrida_calibrada"
"499","NOVO-10","0703","Venda Nova","T2","7","39","1","0","0","6.2","0","rua","O","lateral","2","2","2","lancamento","18","6.1","8192","hibrida_calibrada"
"500","NOVO-10","0704","Venda Nova","T2","7","43","1","0","0","4.9","0","parque","N","fundos","2","2","2","lancamento","29","5","9002","hibrida_calibrada"
"501","NOVO-10","0801","Venda Nova","T2","8","49","1","1","0","3.1","0","parque","S","frente","2","2","2","lancamento","4","4.5","7917","hibrida_calibrada"
"502","NOVO-10","0802","Venda Nova","T2","8","50","1","1","0","7.5","0","rua","O","frente","2","2","2","lancamento","18","2.6","8241","hibrida_calibrada"
"503","NOVO-10","0803","Venda Nova","T2","8","42","1","0","0","5.3","0","parque","N","lateral","2","2","2","lancamento","0","4","8205","hibrida_calibrada"
"504","NOVO-10","0804","Venda Nova","T2","8","60","2","1","0","5.5","0","parque","L","fundos","2","2","2","lancamento","14","4.2","8963","hibrida_calibrada"
"505","NOVO-10","0901","Venda Nova","T2","9","55","2","1","0","8.1","1","rua","O","frente","2","2","2","lancamento","9","5.3","8590","hibrida_calibrada"
"506","NOVO-10","0902","Venda Nova","T2","9","35","1","1","0","3.7","1","parque","N","frente","2","2","2","lancamento","3","3.6","9435","hibrida_calibrada"
"507","NOVO-10","0903","Venda Nova","T2","9","51","1","1","0","2.6","0","parque","L","lateral","2","2","2","lancamento","6","5.5","8312","hibrida_calibrada"
"508","NOVO-10","0904","Venda Nova","T2","9","55","2","1","0","3.6","0","rua","S","fundos","2","2","2","lancamento","1","5.7","8289","hibrida_calibrada"
"509","NOVO-11","0101","Leste","T1","1","84","3","1","1","3.5","0","rua","N","frente","4","3","4","pronto","8","6.2","26120","hibrida_calibrada"
"510","NOVO-11","0102","Leste","T1","1","107","3","2","2","13.9","0","rua","L","frente","4","3","4","pronto","28","7.9","23655","hibrida_calibrada"
"511","NOVO-11","0103","Leste","T1","1","49","1","0","0","11.2","0","rua","S","lateral","4","3","4","pronto","11","4.6","23790","hibrida_calibrada"
"512","NOVO-11","0104","Leste","T1","1","110","3","2","2","9.8","0","rua","O","fundos","4","3","4","pronto","13","5.3","25472","hibrida_calibrada"
"513","NOVO-11","0201","Leste","T1","2","112","3","2","2","11.2","0","parque","L","frente","4","3","4","pronto","9","5.4","21571","hibrida_calibrada"
"514","NOVO-11","0202","Leste","T1","2","136","4","2","2","13.9","0","rua","S","frente","4","3","4","pronto","18","6.5","20512","hibrida_calibrada"
"515","NOVO-11","0203","Leste","T1","2","105","3","2","2","3.5","0","rua","O","lateral","4","3","4","pronto","4","4.1","24682","hibrida_calibrada"
"516","NOVO-11","0204","Leste","T1","2","100","3","1","1","12.3","0","rua","N","fundos","4","3","4","pronto","14","5.5","21663","hibrida_calibrada"
"517","NOVO-11","0301","Leste","T1","3","57","2","1","0","0.4","0","parque","S","frente","4","3","4","pronto","29","4.3","26599","hibrida_calibrada"
"518","NOVO-11","0302","Leste","T1","3","102","3","1","1","8.2","0","rua","O","frente","4","3","4","pronto","3","3.7","22324","hibrida_calibrada"
"519","NOVO-11","0303","Leste","T1","3","128","4","2","2","12.4","0","parque","N","lateral","4","3","4","pronto","12","4.7","27578","hibrida_calibrada"
"520","NOVO-11","0304","Leste","T1","3","129","4","2","2","13.3","0","rua","L","fundos","4","3","4","pronto","21","4.7","30228","hibrida_calibrada"
"521","NOVO-11","0401","Leste","T1","4","118","3","2","2","10.6","0","rua","O","frente","4","3","4","pronto","2","6.9","20110","hibrida_calibrada"
"522","NOVO-11","0402","Leste","T1","4","112","3","2","2","10.4","0","rua","N","frente","4","3","4","pronto","14","3.5","23729","hibrida_calibrada"
"523","NOVO-11","0403","Leste","T1","4","118","3","2","2","15.3","0","parque","L","lateral","4","3","4","pronto","10","4.3","27354","hibrida_calibrada"
"524","NOVO-11","0404","Leste","T1","4","41","1","1","0","1.9","0","parque","S","fundos","4","3","4","pronto","2","6.1","16846","hibrida_calibrada"
"525","NOVO-11","0501","Leste","T1","5","128","4","2","2","7.3","0","parque","N","frente","4","3","4","pronto","27","6","24262","hibrida_calibrada"
"526","NOVO-11","0502","Leste","T1","5","47","1","0","0","5","0","rua","L","frente","4","3","4","pronto","4","6.5","28360","hibrida_calibrada"
"527","NOVO-11","0503","Leste","T1","5","62","2","1","0","6.8","0","rua","S","lateral","4","3","4","pronto","7","4.2","26604","hibrida_calibrada"
"528","NOVO-11","0504","Leste","T1","5","52","1","1","0","8","0","rua","O","fundos","4","3","4","pronto","27","7.7","23799","hibrida_calibrada"
"529","NOVO-11","0601","Leste","T1","6","55","2","1","0","1.7","0","parque","L","frente","4","3","4","pronto","20","5.9","26136","hibrida_calibrada"
"530","NOVO-11","0602","Leste","T1","6","56","2","1","0","4.6","0","rua","S","frente","4","3","4","pronto","23","4.4","25188","hibrida_calibrada"
"531","NOVO-11","0603","Leste","T1","6","97","3","1","1","9.3","0","parque","O","lateral","4","3","4","pronto","24","4.2","25601","hibrida_calibrada"
"532","NOVO-11","0604","Leste","T1","6","111","3","2","2","8.5","0","rua","N","fundos","4","3","4","pronto","16","6.6","25223","hibrida_calibrada"
"533","NOVO-11","0701","Leste","T1","7","112","3","2","2","7.5","0","parque","S","frente","4","3","4","pronto","20","6","28889","hibrida_calibrada"
"534","NOVO-11","0702","Leste","T1","7","120","3","2","2","8.2","0","rua","O","frente","4","3","4","pronto","14","2.1","26725","hibrida_calibrada"
"535","NOVO-11","0703","Leste","T1","7","63","2","1","0","7.5","0","parque","N","lateral","4","3","4","pronto","5","4.7","28809","hibrida_calibrada"
"536","NOVO-11","0704","Leste","T1","7","115","3","2","2","13.9","0","parque","L","fundos","4","3","4","pronto","10","3.2","26760","hibrida_calibrada"
"537","NOVO-11","0801","Leste","T1","8","113","3","2","2","14.1","0","rua","O","frente","4","3","4","pronto","28","4.2","28458","hibrida_calibrada"
"538","NOVO-11","0802","Leste","T1","8","133","4","2","2","10.9","0","rua","N","frente","4","3","4","pronto","0","5.9","23768","hibrida_calibrada"
"539","NOVO-11","0803","Leste","T1","8","136","4","2","2","14.1","0","parque","L","lateral","4","3","4","pronto","26","3.8","30791","hibrida_calibrada"
"540","NOVO-11","0804","Leste","T1","8","111","3","2","2","9.4","0","rua","S","fundos","4","3","4","pronto","14","2.3","26509","hibrida_calibrada"
"541","NOVO-11","0901","Leste","T1","9","109","3","2","2","9.5","0","parque","N","frente","4","3","4","pronto","8","2.2","27137","hibrida_calibrada"
"542","NOVO-11","0902","Leste","T1","9","122","3","2","2","11","0","parque","L","frente","4","3","4","pronto","15","3.9","26077","hibrida_calibrada"
"543","NOVO-11","0903","Leste","T1","9","101","3","1","1","1.5","0","rua","S","lateral","4","3","4","pronto","24","4.8","26100","hibrida_calibrada"
"544","NOVO-11","0904","Leste","T1","9","93","3","1","1","6.6","0","rua","O","fundos","4","3","4","pronto","19","3.3","27464","hibrida_calibrada"
"545","NOVO-11","1001","Leste","T1","10","123","3","2","2","12.5","0","rua","L","frente","4","3","4","pronto","15","3.2","37362","hibrida_calibrada"
"546","NOVO-11","1002","Leste","T1","10","109","3","2","2","4.2","0","parque","S","frente","4","3","4","pronto","10","6.7","31850","hibrida_calibrada"
"547","NOVO-11","1003","Leste","T1","10","51","1","1","0","9.6","0","parque","O","lateral","4","3","4","pronto","2","6.7","28139","hibrida_calibrada"
"548","NOVO-11","1004","Leste","T1","10","100","3","1","1","11.3","0","parque","N","fundos","4","3","4","pronto","2","3.8","25238","hibrida_calibrada"
"549","NOVO-11","1101","Leste","T1","11","107","3","2","2","12.9","0","parque","S","frente","4","3","4","pronto","24","6","28880","hibrida_calibrada"
"550","NOVO-11","1102","Leste","T1","11","53","1","0","0","2.8","0","rua","O","frente","4","3","4","pronto","13","6.1","29652","hibrida_calibrada"
"551","NOVO-11","1103","Leste","T1","11","46","1","1","0","2.9","0","parque","N","lateral","4","3","4","pronto","26","3.5","34965","hibrida_calibrada"
"552","NOVO-11","1104","Leste","T1","11","139","4","2","2","18.4","0","parque","L","fundos","4","3","4","pronto","21","4.4","35655","hibrida_calibrada"
"553","NOVO-11","1201","Leste","T1","12","132","4","2","2","15.9","0","rua","O","frente","4","3","4","pronto","4","5.1","22610","hibrida_calibrada"
"554","NOVO-11","1202","Leste","T1","12","123","3","2","2","15.5","0","rua","N","frente","4","3","4","pronto","23","6.3","30360","hibrida_calibrada"
"555","NOVO-11","1203","Leste","T1","12","48","1","1","0","6.1","0","parque","L","lateral","4","3","4","pronto","25","6.4","32910","hibrida_calibrada"
"556","NOVO-11","1204","Leste","T1","12","44","1","1","0","8.4","0","parque","S","fundos","4","3","4","pronto","3","2.9","26632","hibrida_calibrada"
"557","NOVO-11","1301","Leste","T1","13","157","4","3","2","12.1","0","rua","N","frente","4","3","4","pronto","9","4.6","27490","hibrida_calibrada"
"558","NOVO-11","1302","Leste","T1","13","114","3","2","2","8","0","parque","L","frente","4","3","4","pronto","17","6.9","24747","hibrida_calibrada"
"559","NOVO-11","1303","Leste","T1","13","50","1","0","0","5.2","0","parque","S","lateral","4","3","4","pronto","21","8.1","24205","hibrida_calibrada"
"560","NOVO-11","1304","Leste","T1","13","99","3","1","1","11","0","rua","O","fundos","4","3","4","pronto","27","7.1","23270","hibrida_calibrada"
"561","NOVO-11","1401","Leste","T1","14","83","3","1","1","5.9","0","parque","L","frente","4","3","4","pronto","7","6","25149","hibrida_calibrada"
"562","NOVO-11","1402","Leste","T1","14","134","4","2","2","13.6","0","parque","S","frente","4","3","4","pronto","23","8.1","27439","hibrida_calibrada"
"563","NOVO-11","1403","Leste","T1","14","111","3","2","2","9.5","0","rua","O","lateral","4","3","4","pronto","21","3.7","29164","hibrida_calibrada"
"564","NOVO-11","1404","Leste","T1","14","42","1","0","0","2.4","0","parque","N","fundos","4","3","4","pronto","1","4.6","26050","hibrida_calibrada"
"565","NOVO-11","1501","Leste","T1","15","115","3","2","2","14.5","0","rua","S","frente","4","3","4","pronto","7","1.9","27183","hibrida_calibrada"
"566","NOVO-11","1502","Leste","T1","15","51","1","1","0","1.4","0","parque","O","frente","4","3","4","pronto","17","4.6","28782","hibrida_calibrada"
"567","NOVO-11","1503","Leste","T1","15","55","2","1","0","9","0","rua","N","lateral","4","3","4","pronto","22","6.5","32504","hibrida_calibrada"
"568","NOVO-11","1504","Leste","T1","15","92","3","1","1","5.2","0","parque","L","fundos","4","3","4","pronto","15","4.3","32368","hibrida_calibrada"
"569","NOVO-11","1601","Leste","T1","16","111","3","2","2","12.7","0","rua","O","frente","4","3","4","pronto","22","4.3","25262","hibrida_calibrada"
"570","NOVO-11","1602","Leste","T1","16","118","3","2","2","12.1","0","parque","N","frente","4","3","4","pronto","17","6.1","28655","hibrida_calibrada"
"571","NOVO-11","1603","Leste","T1","16","104","3","1","1","16.1","0","parque","L","lateral","4","3","4","pronto","9","4.9","30546","hibrida_calibrada"
"572","NOVO-11","1604","Leste","T1","16","79","2","1","1","8.5","0","parque","S","fundos","4","3","4","pronto","9","5.3","26411","hibrida_calibrada"
"573","NOVO-11","1701","Leste","T1","17","112","3","2","2","15.8","1","parque","N","frente","4","3","4","pronto","23","7.1","31473","hibrida_calibrada"
"574","NOVO-11","1702","Leste","T1","17","126","4","2","2","11.1","1","parque","L","frente","4","3","4","pronto","22","4.1","34770","hibrida_calibrada"
"575","NOVO-11","1703","Leste","T1","17","119","3","2","2","8.1","0","parque","S","lateral","4","3","4","pronto","9","4.1","30461","hibrida_calibrada"
"576","NOVO-11","1704","Leste","T1","17","99","3","1","1","7.3","0","parque","O","fundos","4","3","4","pronto","27","8","30335","hibrida_calibrada"
"577","NOVO-12","0101","Centro-Sul","T2","1","126","4","2","2","12.1","0","rua","L","frente","5","5","5","lancamento","7","3.9","34429","hibrida_calibrada"
"578","NOVO-12","0102","Centro-Sul","T2","1","141","4","2","2","11.1","0","rua","S","frente","5","5","5","lancamento","18","5.5","30492","hibrida_calibrada"
"579","NOVO-12","0201","Centro-Sul","T2","2","87","3","1","1","4.3","0","parque","S","frente","5","5","5","lancamento","19","4","39568","hibrida_calibrada"
"580","NOVO-12","0202","Centro-Sul","T2","2","53","1","0","0","0","0","rua","O","frente","5","5","5","lancamento","14","3.9","31102","hibrida_calibrada"
"581","NOVO-12","0301","Centro-Sul","T2","3","54","1","0","0","3","0","rua","O","frente","5","5","5","lancamento","12","4.8","29432","hibrida_calibrada"
"582","NOVO-12","0302","Centro-Sul","T2","3","51","1","0","0","9.7","0","rua","N","frente","5","5","5","lancamento","25","5.6","35770","hibrida_calibrada"
"583","NOVO-12","0401","Centro-Sul","T2","4","138","4","2","2","5.8","0","rua","N","frente","5","5","5","lancamento","7","5.5","40760","hibrida_calibrada"
"584","NOVO-12","0402","Centro-Sul","T2","4","44","1","0","0","2.8","0","rua","L","frente","5","5","5","lancamento","7","6.6","38899","hibrida_calibrada"
"585","NOVO-12","0501","Centro-Sul","T2","5","51","1","1","0","10.9","0","rua","L","frente","5","5","5","lancamento","20","2.4","47657","hibrida_calibrada"
"586","NOVO-12","0502","Centro-Sul","T2","5","143","4","2","2","11.4","0","parque","S","frente","5","5","5","lancamento","6","5.4","34461","hibrida_calibrada"
"587","NOVO-12","0601","Centro-Sul","T2","6","50","1","1","0","3.7","0","rua","S","frente","5","5","5","lancamento","17","6.1","39436","hibrida_calibrada"
"588","NOVO-12","0602","Centro-Sul","T2","6","114","3","2","2","7.8","0","parque","O","frente","5","5","5","lancamento","15","6.3","40397","hibrida_calibrada"
"589","NOVO-12","0701","Centro-Sul","T2","7","149","4","2","2","16.4","0","parque","O","frente","5","5","5","lancamento","27","6.1","44868","hibrida_calibrada"
"590","NOVO-12","0702","Centro-Sul","T2","7","138","4","2","2","14.8","0","rua","N","frente","5","5","5","lancamento","6","5.5","46780","hibrida_calibrada"
"591","NOVO-12","0801","Centro-Sul","T2","8","61","2","1","0","5.3","0","parque","N","frente","5","5","5","lancamento","9","3.5","49476","hibrida_calibrada"
"592","NOVO-12","0802","Centro-Sul","T2","8","115","3","2","2","14.7","0","rua","L","frente","5","5","5","lancamento","20","2.9","38419","hibrida_calibrada"
"593","NOVO-12","0901","Centro-Sul","T2","9","94","3","1","1","9.7","0","rua","L","frente","5","5","5","lancamento","11","5","35422","hibrida_calibrada"
"594","NOVO-12","0902","Centro-Sul","T2","9","138","4","2","2","12.5","0","rua","S","frente","5","5","5","lancamento","28","6.5","31480","hibrida_calibrada"
"595","NOVO-12","1001","Centro-Sul","T2","10","45","1","1","0","4.6","0","rua","S","frente","5","5","5","lancamento","22","7.8","32302","hibrida_calibrada"
"596","NOVO-12","1002","Centro-Sul","T2","10","152","4","2","2","18.4","0","rua","O","frente","5","5","5","lancamento","5","3.5","41831","hibrida_calibrada"
"597","NOVO-12","1101","Centro-Sul","T2","11","146","4","2","2","19","0","parque","O","frente","5","5","5","lancamento","7","6.4","40258","hibrida_calibrada"
"598","NOVO-12","1102","Centro-Sul","T2","11","128","4","2","2","9.5","0","rua","N","frente","5","5","5","lancamento","23","4.1","37553","hibrida_calibrada"
"599","NOVO-12","1201","Centro-Sul","T2","12","116","3","2","2","11.9","0","parque","N","frente","5","5","5","lancamento","9","4.9","45197","hibrida_calibrada"
"600","NOVO-12","1202","Centro-Sul","T2","12","85","3","1","1","5.9","0","rua","L","frente","5","5","5","lancamento","24","3.9","42945","hibrida_calibrada"
"601","NOVO-12","1301","Centro-Sul","T2","13","50","1","1","0","2.7","0","rua","L","frente","5","5","5","lancamento","17","2.1","50802","hibrida_calibrada"
"602","NOVO-12","1302","Centro-Sul","T2","13","125","4","2","2","8.8","0","parque","S","frente","5","5","5","lancamento","19","2.7","39938","hibrida_calibrada"
"603","NOVO-12","1401","Centro-Sul","T2","14","121","3","2","2","11.1","0","rua","S","frente","5","5","5","lancamento","11","3.9","47524","hibrida_calibrada"
"604","NOVO-12","1402","Centro-Sul","T2","14","51","1","1","0","2.1","0","rua","O","frente","5","5","5","lancamento","12","3.5","42247","hibrida_calibrada"
"605","NOVO-12","1501","Centro-Sul","T2","15","131","4","2","2","12.4","0","parque","O","frente","5","5","5","lancamento","19","3.3","46712","hibrida_calibrada"
"606","NOVO-12","1502","Centro-Sul","T2","15","129","4","2","2","10.2","0","parque","N","frente","5","5","5","lancamento","15","6.5","45447","hibrida_calibrada"
"607","NOVO-12","1601","Centro-Sul","T2","16","129","4","2","2","10.5","0","rua","N","frente","5","5","5","lancamento","11","4.3","44243","hibrida_calibrada"
"608","NOVO-12","1602","Centro-Sul","T2","16","131","4","2","2","11.8","0","rua","L","frente","5","5","5","lancamento","30","4.9","35525","hibrida_calibrada"
"609","NOVO-12","1701","Centro-Sul","T2","17","141","4","2","2","12.3","0","rua","L","frente","5","5","5","lancamento","8","2.2","35779","hibrida_calibrada"
"610","NOVO-12","1702","Centro-Sul","T2","17","141","4","2","2","11.9","0","rua","S","frente","5","5","5","lancamento","17","3.9","47405","hibrida_calibrada"
"611","NOVO-12","1801","Centro-Sul","T2","18","116","3","2","2","3.8","0","parque","S","frente","5","5","5","lancamento","20","2.7","39161","hibrida_calibrada"
"612","NOVO-12","1802","Centro-Sul","T2","18","115","3","2","2","13.4","0","parque","O","frente","5","5","5","lancamento","15","4.9","54912","hibrida_calibrada"
"613","NOVO-12","1901","Centro-Sul","T2","19","112","3","2","2","8.5","0","rua","O","frente","5","5","5","lancamento","1","4.3","42312","hibrida_calibrada"
"614","NOVO-12","1902","Centro-Sul","T2","19","127","4","2","2","13.5","0","parque","N","frente","5","5","5","lancamento","1","4","43965","hibrida_calibrada"
"615","NOVO-12","2001","Centro-Sul","T2","20","130","4","2","2","10.9","0","parque","N","frente","5","5","5","lancamento","15","5.7","42540","hibrida_calibrada"
"616","NOVO-12","2002","Centro-Sul","T2","20","125","4","2","2","13.1","0","rua","L","frente","5","5","5","lancamento","25","7.2","32752","hibrida_calibrada"
"617","NOVO-12","2101","Centro-Sul","T2","21","129","4","2","2","10.8","0","rua","L","frente","5","5","5","lancamento","25","6.2","37126","hibrida_calibrada"
"618","NOVO-12","2102","Centro-Sul","T2","21","131","4","2","2","13.4","0","parque","S","frente","5","5","5","lancamento","13","2.3","53199","hibrida_calibrada"
"619","NOVO-12","2201","Centro-Sul","T2","22","61","2","1","0","4","0","rua","S","frente","5","5","5","lancamento","25","4.4","48793","hibrida_calibrada"
"620","NOVO-12","2202","Centro-Sul","T2","22","126","4","2","2","7","0","rua","O","frente","5","5","5","lancamento","29","6.3","44052","hibrida_calibrada"
"621","NOVO-12","2301","Centro-Sul","T2","23","150","4","2","2","13.2","0","parque","O","frente","5","5","5","lancamento","15","6.6","41403","hibrida_calibrada"
"622","NOVO-12","2302","Centro-Sul","T2","23","125","4","2","2","9.8","0","rua","N","frente","5","5","5","lancamento","28","6.6","48204","hibrida_calibrada"
"623","NOVO-12","2401","Centro-Sul","T2","24","162","4","3","2","15.8","0","parque","N","frente","5","5","5","lancamento","3","4","52016","hibrida_calibrada"
"624","NOVO-12","2402","Centro-Sul","T2","24","43","1","1","0","3.9","0","rua","L","frente","5","5","5","lancamento","27","4.8","46653","hibrida_calibrada"
"625","NOVO-12","2501","Centro-Sul","T2","25","137","4","2","2","8.4","1","parque","L","frente","5","5","5","lancamento","5","3.4","61820","hibrida_calibrada"
"626","NOVO-12","2502","Centro-Sul","T2","25","140","4","2","2","14.9","0","parque","S","frente","5","5","5","lancamento","13","3.1","61166","hibrida_calibrada"
